customer_id,age,gender,income,employment_type,credit_score,loan_amount,loan_tenure_months,num_previous_loans,default_history,monthly_spend,transaction_count,late_payments,region,account_age_months,target
1,56,Male,139677,Student,385,640254,34,3,0,56165,67,6,West,145,1
2,69,Female,191422,Salaried,343,142854,43,1,0,65690,59,0,North,30,0
3,46,Female,158273,Unemployed,436,628640,115,5,0,38948,155,9,West,26,0
4,32,Male,44426,Student,720,424149,102,8,0,29007,38,11,West,125,0
5,60,Male,32778,Student,373,668667,23,8,0,102819,109,4,South,19,1
6,25,Female,191313,Unemployed,847,752567,76,7,0,93207,109,9,West,53,0
7,38,Male,57229,Self-Employed,811,766569,70,2,1,78772,73,8,East,85,0
8,56,Female,101652,Unemployed,455,637585,102,2,0,24024,19,11,North,17,0
9,36,Male,143267,Self-Employed,554,736234,6,1,0,84912,179,10,North,174,0
10,40,Male,194436,Salaried,470,567634,93,4,0,87481,7,11,North,104,1
11,28,Male,141503,Salaried,469,117138,9,3,0,90553,160,5,East,105,0
12,28,Male,99878,Unemployed,621,317916,9,6,0,134828,7,7,West,104,0
13,41,Male,72056,Unemployed,755,45149,87,3,0,104488,106,9,North,173,0
14,53,Male,173562,Salaried,454,353844,32,8,1,98741,8,0,East,177,0
15,57,Male,34975,Self-Employed,648,687886,48,1,0,80210,92,9,South,147,0
16,41,Female,172795,Salaried,750,483928,64,5,0,137607,163,10,West,124,0
17,20,Female,169351,Unemployed,472,133447,37,6,0,49367,49,6,East,81,0
18,39,Female,157633,Salaried,309,466693,38,3,1,61884,191,2,West,37,0
19,19,Female,103397,Unemployed,564,10695,33,5,0,146352,49,8,South,121,0
20,41,Female,195225,Unemployed,737,568457,111,6,0,147818,79,5,East,70,0
21,61,Male,48142,Salaried,546,183296,110,3,0,104572,169,4,West,154,0
22,47,Male,41916,Self-Employed,845,685913,60,7,0,55251,197,7,East,130,1
23,55,Female,79324,Student,798,371645,105,8,0,86821,13,7,North,59,0
24,19,Male,191037,Salaried,428,327554,65,0,0,85583,149,11,West,118,0
25,38,Female,140932,Student,626,370898,75,6,1,12207,122,11,East,133,0
26,50,Female,150720,Salaried,703,358039,67,8,1,29757,69,2,North,37,0
27,29,Male,181205,Student,658,715386,85,9,0,149298,135,1,South,31,1
28,39,Male,196749,Self-Employed,316,317849,39,4,0,35822,30,1,West,99,0
29,61,Male,111059,Self-Employed,573,197994,92,1,0,43340,185,4,West,94,0
30,42,Female,113317,Salaried,415,382844,119,9,1,45351,163,9,South,176,1
31,66,Male,50046,Unemployed,390,6881,111,5,0,108311,30,11,North,6,0
32,44,Female,193136,Student,381,314509,93,6,0,77320,27,6,South,15,0
33,59,Female,116459,Unemployed,623,526144,61,1,0,104565,34,7,West,143,0
34,45,Female,60893,Unemployed,413,84211,118,1,0,21937,14,9,East,16,0
35,33,Male,116520,Unemployed,357,161078,18,9,0,13219,76,7,North,20,0
36,32,Male,140818,Self-Employed,453,308342,61,9,0,11399,68,11,North,77,0
37,64,Female,76272,Salaried,703,430659,23,0,0,128733,154,7,North,44,0
38,68,Male,82649,Salaried,565,232203,59,3,1,22047,147,9,South,170,0
39,61,Male,79674,Self-Employed,614,724846,82,6,0,87693,127,11,South,46,1
40,69,Male,159832,Self-Employed,340,666237,118,8,0,102931,109,10,East,95,1
41,20,Female,167999,Salaried,404,44553,106,2,0,139852,188,2,East,162,0
42,54,Female,101475,Unemployed,492,512353,48,6,0,29050,78,10,North,64,0
43,68,Male,76367,Student,700,403138,44,6,0,75551,152,1,East,157,0
44,24,Female,158660,Student,577,665046,66,6,0,70666,109,3,South,131,0
45,38,Male,136750,Student,653,37766,47,1,0,84016,51,0,East,9,0
46,26,Male,133154,Unemployed,555,560710,86,5,1,115135,91,2,South,153,1
47,56,Male,198305,Salaried,398,279349,84,1,0,55010,57,10,East,42,0
48,35,Male,59738,Self-Employed,581,484806,23,5,0,40165,185,8,West,174,0
49,21,Female,48397,Salaried,702,159599,28,9,0,13528,133,6,South,73,0
50,42,Female,97189,Unemployed,408,771843,59,2,0,122840,6,6,West,84,1
51,31,Female,91367,Self-Employed,498,416659,35,1,0,138986,62,0,South,59,0
52,67,Male,135585,Unemployed,602,414740,103,5,1,39136,151,6,East,21,0
53,26,Male,91619,Student,626,383621,63,1,0,144251,194,9,West,150,0
54,43,Male,126453,Student,453,33202,73,4,0,88008,76,6,East,157,0
55,19,Female,34816,Unemployed,704,444358,72,1,1,14076,144,3,South,63,0
56,37,Male,188312,Self-Employed,761,742744,76,2,0,125911,158,6,West,73,1
57,45,Female,152348,Self-Employed,431,25855,23,2,0,118625,31,7,North,61,0
58,64,Female,94530,Salaried,383,481963,111,5,0,52298,33,2,East,64,0
59,24,Female,169571,Student,698,720732,12,5,0,56304,19,9,South,69,0
60,61,Female,123856,Salaried,408,316385,45,9,0,81360,178,1,West,168,0
61,25,Female,86635,Salaried,520,632407,75,2,0,71835,133,6,East,129,0
62,64,Female,122803,Unemployed,667,581291,91,2,0,114424,64,4,West,106,0
63,52,Male,50946,Unemployed,446,466595,70,0,0,141190,111,4,East,65,1
64,31,Male,70204,Salaried,411,99837,73,6,0,58911,189,4,East,122,0
65,34,Female,197958,Student,793,228068,115,7,0,105088,7,6,East,62,0
66,53,Female,30563,Unemployed,804,361427,54,1,0,17185,119,8,West,103,0
67,67,Male,107324,Salaried,774,128805,57,3,1,52613,150,10,West,60,0
68,57,Female,24847,Salaried,570,120657,119,9,0,2386,56,7,East,46,0
69,21,Female,41155,Salaried,720,109428,112,6,0,32020,64,5,North,5,0
70,19,Male,94671,Salaried,666,127035,34,7,0,44678,38,6,North,113,0
71,23,Female,131891,Salaried,579,450563,26,0,0,63394,100,8,North,150,0
72,59,Female,98310,Salaried,582,235780,95,3,1,117377,93,10,South,70,0
73,21,Female,164381,Unemployed,339,746570,83,5,0,123716,64,5,North,160,1
74,46,Male,146691,Student,488,74518,14,2,0,57918,158,0,West,11,0
75,35,Male,196180,Salaried,463,181355,52,4,0,117640,23,3,North,138,0
76,43,Male,49707,Self-Employed,835,672565,81,9,0,106446,115,7,West,167,0
77,61,Female,166409,Unemployed,835,125243,47,8,0,96702,26,6,South,98,0
78,51,Female,96537,Unemployed,303,401308,56,2,0,107509,165,2,West,31,1
79,27,Male,193686,Salaried,589,58311,61,4,0,95608,170,9,West,12,0
80,53,Female,106155,Unemployed,732,27692,56,7,0,116310,132,2,West,108,0
81,31,Female,15281,Salaried,770,654242,75,5,0,145181,39,10,North,80,1
82,48,Female,173492,Student,480,684222,25,3,0,47802,111,2,East,166,0
83,65,Female,185102,Student,547,397179,93,7,0,36622,132,11,West,67,0
84,32,Female,147130,Unemployed,578,226468,32,2,1,111935,199,0,North,52,0
85,25,Male,91260,Unemployed,553,346651,43,2,0,119919,87,9,North,133,0
86,31,Female,174476,Self-Employed,480,85152,77,3,0,135669,142,0,North,139,0
87,40,Male,175928,Unemployed,808,468685,70,8,0,71519,147,5,East,25,0
88,57,Female,155272,Self-Employed,625,534214,59,4,0,46772,143,0,East,35,0
89,38,Male,79178,Student,656,8969,118,7,1,124431,115,4,East,163,0
90,33,Female,48997,Student,690,40733,118,5,0,98090,94,3,East,22,0
91,62,Male,171683,Salaried,384,336999,29,2,0,46871,28,4,South,165,0
92,35,Female,134273,Student,616,46743,52,7,0,28372,81,6,East,96,0
93,64,Male,187307,Self-Employed,511,659481,76,8,0,41080,105,5,East,117,1
94,41,Female,181129,Unemployed,814,175948,88,7,0,108242,136,11,East,20,0
95,43,Male,147311,Salaried,683,25323,91,3,0,44722,17,8,West,106,0
96,42,Female,141945,Self-Employed,641,528293,68,5,0,31048,189,5,West,4,0
97,62,Male,60272,Unemployed,337,283572,62,0,0,87205,102,8,East,18,0
98,58,Male,104393,Salaried,810,563866,60,3,0,142849,124,3,South,51,0
99,46,Female,76212,Student,719,615774,65,7,0,56711,41,0,West,20,0
100,32,Female,161470,Self-Employed,468,506793,104,0,0,22968,52,0,North,122,0
101,62,Male,135030,Unemployed,642,331284,67,2,0,13292,5,9,West,137,0
102,18,Female,71503,Salaried,605,786738,35,0,0,81459,64,6,North,80,1
103,42,Male,152710,Salaried,841,636613,98,8,0,52192,144,2,West,154,0
104,24,Male,21570,Student,836,273508,27,1,0,86193,153,1,East,102,0
105,26,Male,83785,Unemployed,411,396011,80,8,0,71165,143,5,West,25,1
106,41,Female,24110,Student,710,433565,89,3,1,69650,48,5,East,169,1
107,18,Male,94141,Student,505,661051,34,1,1,131858,119,6,East,59,1
108,61,Male,27115,Unemployed,484,787259,46,3,0,103398,190,4,West,45,1
109,25,Female,54062,Unemployed,681,624886,47,9,0,99885,112,7,North,41,0
110,41,Female,37911,Unemployed,795,726827,103,5,0,102588,48,6,North,38,0
111,28,Female,119061,Self-Employed,678,181968,70,6,0,105356,82,1,West,117,0
112,68,Female,47556,Unemployed,346,62062,36,2,0,85509,166,0,East,19,0
113,34,Male,143335,Salaried,827,233338,35,2,0,53672,29,8,North,14,0
114,25,Male,16969,Student,803,740122,117,9,1,24113,136,4,South,127,0
115,52,Male,58753,Self-Employed,321,674221,23,7,0,2694,196,11,East,149,1
116,52,Male,150542,Unemployed,512,232909,22,4,0,17588,120,10,West,143,0
117,50,Female,136863,Self-Employed,609,511995,43,3,0,66373,123,4,East,3,0
118,22,Male,25225,Unemployed,571,93302,19,6,0,87603,148,11,South,37,0
119,59,Male,138008,Self-Employed,501,593216,92,6,0,8704,14,9,South,117,1
120,56,Female,169268,Student,331,743591,94,8,0,42136,113,3,North,174,1
121,58,Male,120823,Student,742,570635,84,8,0,69507,198,1,South,16,1
122,45,Male,28669,Salaried,461,532409,115,4,0,49361,39,4,East,142,1
123,24,Male,183452,Salaried,553,88793,61,7,0,60847,138,1,North,9,0
124,26,Male,139398,Unemployed,820,557452,27,9,0,108359,23,11,South,7,0
125,25,Male,125677,Student,779,292635,72,0,0,144513,191,6,North,142,0
126,29,Male,63320,Self-Employed,309,588510,61,8,0,120906,185,10,North,134,1
127,51,Female,193486,Self-Employed,804,683525,24,7,0,16677,12,8,West,15,0
128,50,Female,161649,Self-Employed,735,533036,62,5,1,29818,14,8,North,72,0
129,65,Male,140354,Salaried,410,555841,49,2,0,3868,199,10,North,162,0
130,40,Male,103009,Self-Employed,452,121547,103,2,1,85591,170,5,South,104,0
131,41,Female,43625,Salaried,401,589668,40,7,1,125962,33,0,East,129,1
132,54,Male,39089,Salaried,490,49331,119,4,0,69264,19,5,East,96,0
133,52,Male,51487,Unemployed,380,756393,6,9,0,75168,91,4,South,122,1
134,61,Male,125448,Self-Employed,788,649905,57,6,1,145115,27,3,East,115,0
135,57,Female,65138,Self-Employed,387,605198,90,4,0,73939,50,11,North,148,1
136,39,Male,188895,Student,493,402891,98,7,0,17732,32,5,West,80,0
137,44,Female,183280,Unemployed,403,505201,75,9,1,57244,30,5,North,7,1
138,52,Male,69061,Student,395,507237,42,9,0,11340,14,5,North,135,1
139,18,Female,176731,Unemployed,722,736576,70,3,0,24394,179,1,West,50,0
140,52,Female,116376,Self-Employed,497,15068,56,1,0,100557,8,6,South,130,0
141,54,Male,177962,Salaried,300,583748,6,2,0,137174,59,3,North,47,0
142,64,Female,94134,Salaried,706,575706,96,7,0,21159,70,11,North,14,1
143,31,Male,62055,Salaried,677,293350,26,6,0,124366,71,8,South,31,1
144,20,Female,34508,Salaried,466,657468,58,1,0,8212,139,9,North,50,1
145,18,Male,188359,Salaried,808,791719,21,5,0,39405,59,1,North,41,0
146,22,Male,173056,Student,612,27337,113,8,0,132632,35,4,East,14,0
147,43,Female,125169,Unemployed,717,156738,66,3,0,79061,78,3,South,133,0
148,31,Male,23125,Self-Employed,776,252667,59,8,0,96296,23,8,North,5,0
149,56,Male,51059,Student,372,661521,45,1,0,57186,160,3,North,157,1
150,44,Female,118409,Unemployed,440,519241,31,1,0,125145,85,7,West,5,1
151,26,Male,163159,Salaried,561,357215,85,8,0,12532,160,7,West,113,0
152,32,Male,20704,Unemployed,639,103064,97,6,1,68540,151,5,West,118,0
153,32,Female,126279,Unemployed,607,373655,70,6,0,105021,91,5,North,96,0
154,43,Female,173280,Salaried,544,487605,105,0,0,5271,24,10,North,36,0
155,59,Male,133516,Salaried,814,412974,79,5,0,2209,17,7,West,79,0
156,30,Male,185954,Salaried,636,463996,69,6,0,138611,81,11,East,19,0
157,68,Female,171995,Self-Employed,375,775974,48,5,0,21977,47,11,East,22,1
158,49,Female,129044,Salaried,474,532466,22,5,0,111920,143,9,East,162,0
159,56,Male,44165,Self-Employed,408,561119,64,1,0,130156,180,8,East,56,1
160,66,Female,82203,Salaried,482,138248,28,5,0,101588,147,4,South,17,0
161,69,Male,19114,Self-Employed,491,108306,12,3,0,70684,149,10,West,17,0
162,49,Male,51321,Unemployed,364,169726,49,8,0,125862,186,0,North,146,0
163,21,Male,88297,Student,773,783580,58,0,0,7607,54,0,West,173,0
164,47,Male,111652,Unemployed,399,712910,76,7,1,96786,32,1,East,78,1
165,54,Male,114304,Unemployed,843,379169,113,4,0,128406,8,9,North,56,0
166,40,Female,171498,Salaried,427,705270,84,0,0,9399,26,9,South,80,1
167,56,Female,32772,Self-Employed,751,95417,39,3,0,128812,123,4,West,50,0
168,62,Female,118754,Student,668,718611,51,0,1,100662,105,3,North,58,1
169,32,Female,18712,Salaried,342,433638,114,5,0,35617,43,0,North,18,0
170,60,Male,147439,Salaried,718,16984,73,1,1,140570,38,3,East,135,0
171,46,Male,130142,Salaried,787,94312,83,4,0,104826,101,3,East,76,0
172,53,Male,106736,Unemployed,377,197458,83,6,0,131851,48,9,West,10,0
173,30,Male,66924,Self-Employed,569,88291,21,1,0,113077,174,3,South,69,0
174,49,Female,18726,Self-Employed,614,798567,76,5,0,52624,44,0,North,85,1
175,24,Male,104152,Student,467,529608,101,5,0,11628,101,8,East,131,0
176,68,Male,42723,Self-Employed,638,492387,24,4,0,133401,144,2,West,83,1
177,39,Female,141969,Self-Employed,492,682044,7,4,0,40619,134,3,East,109,1
178,45,Female,115494,Salaried,752,420105,15,2,1,9032,160,4,West,44,0
179,19,Female,155180,Salaried,582,756209,55,9,0,40034,78,6,East,142,0
180,59,Female,50643,Unemployed,635,365215,86,9,1,104658,90,5,South,132,0
181,62,Male,177396,Salaried,689,709259,106,1,0,123123,94,4,North,18,1
182,23,Male,118896,Salaried,824,260083,17,6,0,88158,71,7,East,93,0
183,45,Female,154999,Salaried,539,639151,75,0,1,57264,80,0,North,38,0
184,45,Male,108680,Salaried,782,46777,27,5,0,96120,96,6,West,148,0
185,61,Male,111546,Unemployed,757,51250,37,5,0,49850,14,11,South,172,0
186,61,Male,168515,Salaried,388,307274,110,2,0,6722,90,5,North,51,0
187,37,Female,94973,Student,394,480147,89,1,0,19772,106,10,East,19,1
188,47,Male,78449,Student,751,709706,6,1,0,88105,189,4,North,120,0
189,28,Female,124834,Student,727,745122,59,8,0,6576,112,6,North,68,1
190,45,Male,40537,Student,450,20216,116,4,0,101404,169,2,West,66,0
191,42,Male,92576,Salaried,813,351293,63,6,1,43476,95,0,South,141,0
192,56,Male,122522,Student,675,532297,75,4,0,26154,196,8,South,158,0
193,50,Female,37612,Salaried,321,689687,88,6,1,19165,83,1,North,98,1
194,18,Male,21471,Unemployed,612,150281,23,3,0,16439,90,9,North,158,0
195,44,Female,181703,Student,818,708803,11,7,0,120211,111,2,West,179,0
196,69,Female,46348,Self-Employed,505,544317,50,9,0,46518,172,7,North,88,0
197,30,Female,16177,Student,674,465829,102,9,0,28962,105,11,West,176,1
198,58,Male,150832,Student,750,739803,28,6,1,39763,112,9,South,33,0
199,20,Male,47779,Salaried,478,193069,28,9,0,118189,64,8,South,105,1
200,56,Male,36636,Student,509,369315,31,4,0,112290,52,2,West,74,0
201,23,Male,96889,Self-Employed,799,119456,82,5,0,112814,121,5,North,82,0
202,25,Female,68551,Salaried,763,329703,12,4,0,21464,110,6,South,19,0
203,44,Female,157628,Salaried,423,771759,84,6,1,125980,151,0,East,71,1
204,26,Female,173670,Unemployed,412,387688,49,1,1,44299,37,6,West,57,0
205,54,Male,157635,Unemployed,311,374484,32,4,0,33541,48,3,South,147,0
206,50,Female,61819,Student,425,38783,31,9,0,75545,169,4,South,79,0
207,68,Male,88770,Unemployed,630,39152,102,2,0,131188,116,7,South,169,0
208,59,Female,173038,Unemployed,582,588029,84,8,0,31765,93,3,East,42,0
209,61,Male,173059,Unemployed,439,449718,41,5,1,25769,40,3,East,116,1
210,41,Male,93714,Salaried,700,558380,114,9,0,22156,85,7,East,4,0
211,32,Female,39596,Salaried,396,153725,60,2,0,146507,92,4,North,4,0
212,49,Female,179246,Salaried,816,496215,69,6,0,75631,153,5,West,5,0
213,49,Female,79106,Unemployed,368,759924,96,3,1,39909,134,11,North,41,1
214,41,Female,74182,Salaried,417,176541,62,2,0,71487,35,10,East,108,0
215,58,Male,102163,Unemployed,358,783424,74,7,0,49655,112,4,West,87,1
216,69,Female,54310,Salaried,332,353627,66,3,0,53786,34,0,North,104,1
217,66,Female,71088,Salaried,617,326898,7,0,0,70304,176,6,North,117,1
218,66,Female,143803,Self-Employed,349,690338,60,5,0,105606,16,5,North,101,1
219,69,Male,154978,Student,788,92592,102,9,0,122938,55,1,East,75,0
220,29,Male,51914,Unemployed,318,361687,85,0,0,82981,125,10,South,75,1
221,56,Female,125350,Self-Employed,496,48169,92,4,0,57107,181,6,West,13,0
222,19,Male,60379,Salaried,749,446503,43,6,0,134232,156,5,East,142,0
223,20,Female,183722,Unemployed,751,59745,85,5,0,89897,156,4,West,25,0
224,66,Male,192953,Salaried,588,639456,83,1,0,74577,192,7,East,115,0
225,54,Male,61413,Student,440,643273,34,3,0,143918,143,4,North,172,1
226,66,Male,152084,Self-Employed,383,796975,31,1,0,106180,17,10,North,82,1
227,34,Male,196187,Student,690,716752,40,0,0,21924,95,1,South,10,0
228,66,Female,22151,Self-Employed,514,26067,84,2,1,113193,78,5,South,50,0
229,19,Female,72716,Salaried,825,56033,72,2,0,146954,196,11,West,172,0
230,19,Female,108747,Student,514,50256,92,6,0,3095,24,0,South,142,0
231,45,Male,182450,Student,702,750993,34,0,0,106205,76,4,South,15,1
232,40,Female,188724,Salaried,427,244455,39,8,0,16123,77,5,West,16,0
233,54,Female,159539,Student,776,507264,102,5,0,47278,75,6,East,2,0
234,49,Female,177082,Unemployed,703,205417,46,3,0,99911,82,1,South,158,0
235,50,Male,136999,Self-Employed,328,91803,46,2,0,53999,32,0,East,30,0
236,18,Male,129793,Self-Employed,637,208814,28,2,0,33153,134,5,North,82,0
237,36,Male,123177,Self-Employed,660,123843,76,1,0,20344,125,2,South,31,0
238,19,Female,27289,Unemployed,691,484809,8,1,0,39656,47,4,North,77,0
239,61,Female,191048,Self-Employed,517,558280,63,9,0,3212,12,11,North,148,0
240,43,Female,189668,Salaried,501,217603,37,4,0,122385,17,10,East,177,0
241,49,Male,169243,Student,316,578091,36,8,0,142073,115,1,West,114,1
242,23,Male,101365,Unemployed,621,377119,87,1,0,80784,39,0,South,35,0
243,49,Female,129014,Self-Employed,817,723837,48,1,1,100723,27,0,East,23,0
244,21,Male,190211,Salaried,624,149282,12,5,0,83144,50,10,West,106,0
245,28,Male,194785,Student,711,481545,110,9,0,33368,19,3,North,97,0
246,34,Male,175806,Student,617,31270,6,1,0,63160,134,9,South,115,0
247,55,Male,87588,Unemployed,381,460224,66,3,1,12715,65,1,North,100,1
248,41,Female,78646,Unemployed,773,774217,19,5,0,60784,119,0,North,55,0
249,22,Male,18654,Unemployed,767,536740,57,4,0,131193,68,5,South,8,1
250,69,Male,33743,Salaried,724,308630,101,0,1,101644,56,3,West,168,0
251,51,Male,63368,Salaried,503,19859,11,5,1,28797,168,9,West,59,0
252,23,Male,152513,Unemployed,686,561371,108,0,0,49573,199,11,South,128,0
253,39,Female,134735,Self-Employed,397,116462,15,2,0,78120,73,6,South,32,0
254,28,Female,170683,Student,644,152735,76,9,0,16780,71,10,East,93,0
255,65,Male,134891,Student,507,254737,95,4,0,39905,179,5,East,7,0
256,33,Male,122971,Salaried,813,286197,103,9,0,118049,87,4,North,2,0
257,50,Male,27149,Student,465,147157,35,4,0,131651,6,9,South,85,0
258,26,Male,115102,Self-Employed,321,356889,105,9,0,35359,176,11,West,134,0
259,23,Male,74189,Student,453,195167,26,5,0,68062,196,11,North,106,1
260,33,Male,167747,Salaried,738,598805,65,9,0,75391,82,11,North,36,0
261,46,Female,86031,Salaried,594,681513,86,7,0,45463,32,11,North,160,1
262,20,Male,57668,Self-Employed,518,141319,102,4,0,101596,58,1,North,45,0
263,37,Female,159745,Self-Employed,794,419027,79,0,0,97018,71,4,West,42,0
264,53,Female,103204,Student,529,231453,68,4,1,18571,168,8,North,53,0
265,36,Male,169741,Student,319,141645,116,2,0,27104,106,8,South,110,0
266,43,Female,180140,Salaried,447,517035,47,3,0,10625,124,1,East,9,0
267,20,Female,155507,Self-Employed,407,608555,56,7,1,41199,195,6,West,87,0
268,36,Female,198321,Self-Employed,702,143261,69,6,0,122725,157,9,South,114,0
269,37,Female,52384,Self-Employed,782,347221,81,4,0,148998,52,3,South,75,0
270,49,Female,96929,Student,666,441862,61,1,1,33218,171,2,South,177,0
271,24,Female,142959,Self-Employed,713,343767,85,5,0,93916,51,10,East,130,0
272,69,Male,91153,Salaried,608,136004,46,5,0,125182,25,0,East,11,0
273,58,Female,90388,Salaried,433,510187,37,9,0,22566,162,2,East,50,0
274,50,Female,46401,Student,582,58687,20,9,0,35205,96,10,South,163,0
275,57,Female,134503,Unemployed,372,112615,67,5,0,111084,163,8,East,122,0
276,56,Male,142834,Student,780,398120,32,8,1,31717,125,8,North,143,0
277,35,Female,49084,Unemployed,651,556852,33,7,0,109292,120,6,East,75,1
278,57,Male,125641,Self-Employed,625,536985,86,7,0,40562,158,2,West,31,0
279,18,Female,120111,Student,742,609453,69,0,0,22169,154,2,South,92,0
280,28,Male,182523,Salaried,399,734282,115,4,0,23604,153,3,South,156,1
281,45,Male,153299,Self-Employed,358,587111,64,6,0,91670,5,6,North,153,1
282,42,Female,177982,Salaried,807,538903,119,5,0,116605,169,6,East,92,0
283,67,Female,51041,Self-Employed,557,511554,63,4,0,90738,81,11,East,153,1
284,40,Male,103920,Student,712,605724,7,7,0,133756,89,11,West,75,0
285,48,Female,80681,Unemployed,751,720879,41,2,0,130140,50,1,North,92,1
286,47,Male,96571,Self-Employed,364,387706,119,5,0,104537,141,11,West,129,0
287,59,Male,142556,Unemployed,453,564070,76,4,0,113301,149,4,West,42,1
288,52,Male,41160,Self-Employed,565,83533,18,7,0,10007,51,6,South,110,0
289,24,Male,32633,Salaried,378,245011,20,3,0,116915,63,6,South,162,1
290,33,Male,32014,Salaried,614,194327,94,7,0,119419,58,5,East,18,1
291,43,Female,95532,Self-Employed,547,510168,92,9,0,43787,90,9,East,77,0
292,65,Male,64104,Unemployed,713,77684,65,1,0,51582,16,9,West,133,0
293,69,Male,187693,Student,324,455134,27,8,1,85629,196,11,East,20,1
294,66,Female,92231,Student,583,786453,68,8,0,7782,10,7,West,127,1
295,19,Male,83388,Salaried,748,744644,95,9,0,68770,57,2,East,75,1
296,18,Female,31014,Student,600,221621,102,9,0,59645,148,0,East,62,0
297,65,Female,107578,Salaried,367,240295,80,5,0,105509,94,2,South,32,0
298,29,Female,179827,Student,306,780723,79,3,0,31204,9,10,South,178,1
299,22,Male,55390,Self-Employed,436,786712,30,3,0,19152,77,1,South,166,1
300,54,Male,38711,Salaried,463,798070,106,5,0,92555,178,1,South,28,1
301,49,Male,106658,Salaried,382,562665,53,4,1,21689,18,1,North,74,0
302,26,Female,72993,Self-Employed,719,635532,48,5,1,85251,176,4,South,81,1
303,58,Male,173285,Salaried,372,703476,43,6,0,108565,195,0,North,22,1
304,52,Female,22421,Student,536,742651,46,6,0,40712,110,9,South,171,1
305,36,Male,32727,Student,345,552670,50,8,0,51632,56,3,East,164,1
306,65,Female,127418,Salaried,561,775663,93,7,0,22478,120,9,West,96,1
307,33,Male,19358,Student,475,716423,45,5,0,24551,30,4,East,122,1
308,20,Male,80108,Unemployed,465,158466,115,5,0,50068,57,1,East,123,0
309,37,Male,109018,Salaried,669,239318,102,4,0,95608,113,4,North,52,0
310,41,Female,139457,Self-Employed,353,377778,22,0,0,37561,33,9,South,164,1
311,50,Female,178189,Unemployed,718,136936,93,8,0,135964,23,3,West,156,0
312,41,Male,46910,Salaried,806,652952,106,8,0,26395,51,7,West,78,0
313,69,Male,141888,Self-Employed,640,681315,62,8,0,20756,140,0,South,164,1
314,28,Female,70754,Student,426,377818,7,7,0,68333,27,11,North,70,0
315,66,Female,124847,Self-Employed,708,108533,101,9,0,115561,121,4,North,137,0
316,25,Female,175443,Unemployed,666,252997,67,2,0,30024,110,10,North,21,0
317,53,Male,197573,Student,570,74590,93,0,1,7947,167,11,West,64,0
318,55,Female,53467,Salaried,678,394919,14,7,0,129192,57,9,North,76,0
319,57,Male,163697,Student,372,333615,73,6,0,96238,100,0,North,61,0
320,37,Female,48893,Salaried,547,508692,86,4,0,69428,190,9,West,95,1
321,52,Male,91329,Salaried,342,486530,22,9,0,65355,9,9,West,40,1
322,65,Female,46007,Self-Employed,676,520795,55,6,0,131958,20,3,East,4,0
323,42,Female,185604,Self-Employed,340,310442,117,9,0,146490,21,7,West,31,1
324,52,Female,69253,Self-Employed,469,461324,99,3,0,137905,164,0,South,155,1
325,42,Female,27323,Unemployed,511,249936,45,8,0,133637,106,10,West,153,1
326,46,Female,126335,Unemployed,792,578212,63,9,0,20402,184,1,West,69,0
327,35,Male,127356,Self-Employed,338,414925,80,1,0,77851,24,0,North,70,0
328,63,Female,125944,Unemployed,668,14726,90,8,0,14834,116,10,East,5,0
329,35,Female,160282,Student,450,196896,26,8,0,69850,124,6,North,115,0
330,19,Female,31456,Student,410,45542,23,4,0,39180,198,1,East,91,0
331,52,Male,46367,Unemployed,779,418461,60,0,0,136955,115,0,North,8,1
332,33,Female,69624,Unemployed,735,39753,34,6,0,111688,5,11,South,9,0
333,58,Male,156178,Student,346,288460,29,9,0,108520,62,5,North,15,1
334,53,Female,83008,Salaried,665,238979,79,9,0,13695,97,5,North,105,0
335,50,Female,140926,Student,368,613986,114,3,1,129135,176,9,South,7,1
336,21,Male,130395,Student,598,283104,22,8,0,60481,10,1,South,72,0
337,50,Female,131492,Unemployed,595,35791,23,5,0,75438,112,0,West,115,0
338,31,Male,87240,Student,502,292360,47,2,0,113491,107,9,North,15,0
339,38,Male,79315,Unemployed,360,331571,117,5,0,123844,54,2,South,165,1
340,65,Female,25756,Unemployed,613,602578,89,9,1,96910,122,9,South,83,1
341,37,Male,51378,Self-Employed,460,576302,106,5,0,58494,114,4,West,39,1
342,25,Female,150327,Student,630,140150,50,4,0,145360,92,5,East,134,0
343,24,Female,160556,Salaried,827,55519,87,1,0,48978,24,2,South,57,0
344,20,Male,140703,Self-Employed,637,795474,22,9,0,119845,18,8,South,92,1
345,34,Male,71549,Unemployed,603,578340,78,9,0,132621,137,10,North,81,0
346,50,Male,180575,Unemployed,802,19389,19,1,1,56672,173,4,West,147,0
347,65,Male,88794,Salaried,637,363105,54,6,0,63821,44,1,North,127,0
348,29,Female,60113,Unemployed,849,597399,34,1,0,85661,38,9,East,159,0
349,68,Female,89069,Student,574,162753,100,5,1,71224,128,5,West,75,0
350,39,Male,151321,Self-Employed,463,618812,9,4,0,91405,49,11,North,79,1
351,39,Female,165273,Unemployed,742,348150,87,3,0,56796,84,7,South,10,0
352,63,Female,140541,Unemployed,618,502488,25,6,0,130554,75,10,South,107,1
353,47,Female,24686,Salaried,803,99913,52,7,0,125777,159,5,West,87,0
354,55,Female,68363,Student,686,623396,112,3,0,6023,82,3,South,67,0
355,55,Male,112543,Unemployed,793,784091,113,0,0,74959,82,5,North,62,0
356,62,Male,146733,Salaried,789,274637,14,0,0,41218,176,7,West,131,0
357,68,Female,190915,Unemployed,372,74639,82,0,0,145285,37,7,South,146,0
358,25,Male,110673,Salaried,808,236452,84,0,0,30460,37,9,South,153,0
359,44,Male,57828,Salaried,689,321527,32,4,0,126579,48,1,East,107,0
360,44,Male,63604,Student,594,663354,20,3,0,66680,24,7,East,148,1
361,51,Female,25526,Unemployed,668,729640,97,8,0,33017,115,5,West,93,1
362,38,Female,83910,Student,848,314378,106,2,0,94038,168,1,East,86,0
363,47,Female,40592,Salaried,486,657962,24,6,0,21515,11,0,North,178,1
364,50,Male,43982,Self-Employed,744,491084,95,7,0,140706,164,5,South,121,1
365,45,Female,15207,Unemployed,662,534882,57,5,0,35001,199,6,South,79,0
366,64,Female,103733,Self-Employed,422,766195,31,9,0,3391,171,9,South,10,1
367,50,Male,139982,Unemployed,487,274515,94,0,0,111388,28,4,West,149,0
368,22,Female,83619,Student,719,576603,31,7,0,44215,74,9,West,29,0
369,65,Female,175400,Student,551,743924,31,9,0,81720,116,7,East,96,1
370,36,Male,61479,Student,848,656539,51,2,0,29114,108,10,South,10,1
371,21,Male,166175,Student,634,237520,97,7,0,144954,58,11,South,13,0
372,52,Male,185963,Student,391,608814,54,3,0,115142,42,8,South,47,1
373,66,Female,156826,Self-Employed,829,248459,87,7,1,108206,78,3,South,151,0
374,34,Female,96437,Student,362,676986,101,0,0,47647,84,6,South,50,1
375,61,Female,113540,Salaried,811,242330,58,2,0,44679,36,7,North,132,0
376,45,Male,87982,Salaried,438,110573,8,5,0,2427,49,5,South,116,0
377,47,Male,117747,Self-Employed,484,142900,71,8,0,131669,65,1,North,113,0
378,46,Female,63231,Unemployed,504,324658,102,1,0,68267,57,6,South,85,1
379,63,Female,44301,Salaried,513,505364,47,0,0,2799,132,8,West,53,1
380,23,Male,187395,Unemployed,555,510740,24,9,0,57659,183,4,West,130,0
381,52,Male,33752,Self-Employed,434,240707,22,2,0,9025,80,1,North,68,0
382,58,Male,113452,Unemployed,387,713024,113,3,0,16481,188,3,South,79,0
383,54,Male,159467,Unemployed,506,509917,38,4,0,27411,31,2,West,57,0
384,41,Female,136237,Unemployed,428,678243,81,2,0,107928,170,3,West,97,1
385,46,Male,71273,Unemployed,302,703419,54,9,0,125014,66,9,South,135,1
386,66,Female,106878,Self-Employed,420,482294,61,1,0,148033,22,6,South,147,1
387,63,Female,19895,Salaried,684,703292,68,1,0,53690,131,9,West,172,1
388,48,Female,134968,Student,337,528116,8,6,0,54870,113,7,South,63,0
389,52,Male,130700,Unemployed,640,459485,112,8,1,88928,107,0,East,65,0
390,50,Male,91559,Salaried,320,518066,54,9,1,72765,196,7,South,39,1
391,69,Male,25699,Salaried,541,269179,60,1,0,25772,81,4,West,109,0
392,38,Male,24715,Self-Employed,754,114767,31,6,0,132417,121,11,West,26,0
393,49,Female,34169,Salaried,602,438961,104,6,0,20799,108,6,North,172,1
394,40,Male,133413,Self-Employed,368,546529,77,6,0,114051,162,10,East,12,0
395,50,Male,162235,Unemployed,428,582263,57,2,0,131941,53,10,West,150,1
396,20,Female,134264,Unemployed,495,159226,105,6,0,25555,173,0,East,77,0
397,35,Male,20782,Student,439,496818,12,0,1,94152,120,1,South,142,1
398,42,Female,139481,Student,743,61396,51,9,0,129219,145,0,West,86,0
399,59,Female,50585,Student,582,497443,51,0,0,137333,166,4,North,30,0
400,48,Female,45682,Salaried,611,123920,105,4,0,121833,104,5,West,172,0
401,20,Female,193936,Unemployed,834,411547,21,1,0,71002,129,9,North,166,0
402,57,Female,144992,Self-Employed,576,199999,29,8,0,48553,29,8,East,170,0
403,63,Female,99416,Student,360,615514,66,6,0,5088,198,7,North,52,0
404,41,Female,142810,Self-Employed,618,614007,59,3,0,47783,132,6,South,63,0
405,67,Female,53067,Self-Employed,351,68014,67,3,0,3115,104,11,South,120,0
406,49,Male,188757,Student,452,568634,6,1,1,74908,150,4,South,105,1
407,64,Male,33073,Unemployed,610,599699,54,4,0,71109,9,2,West,162,1
408,39,Male,51035,Student,843,190550,30,3,0,4978,23,8,South,39,0
409,40,Male,105373,Self-Employed,688,672614,15,0,0,110943,174,4,South,41,0
410,19,Female,98362,Student,847,191806,85,7,0,11422,22,2,West,121,0
411,44,Male,105517,Self-Employed,476,426837,21,2,0,91233,125,2,East,108,0
412,59,Female,80450,Self-Employed,661,343585,63,5,1,58174,36,2,South,165,0
413,19,Male,25382,Student,613,51121,77,3,0,39743,153,5,South,65,0
414,43,Male,150509,Salaried,396,741778,34,8,1,132288,14,0,West,118,1
415,34,Male,76929,Student,512,327341,108,6,0,131000,41,10,East,79,0
416,57,Female,113864,Salaried,436,89577,97,8,0,124778,181,3,East,160,0
417,50,Male,158401,Self-Employed,305,361778,11,9,1,31430,90,7,East,8,1
418,26,Female,40169,Self-Employed,408,254106,21,2,0,30834,17,2,West,97,1
419,60,Female,102468,Salaried,846,440647,25,0,0,26435,187,4,North,18,0
420,65,Male,49594,Self-Employed,338,497461,85,4,0,89212,149,1,North,173,1
421,56,Male,60033,Salaried,724,665197,76,2,0,57797,13,1,South,96,0
422,46,Male,78133,Salaried,560,510200,110,5,0,56555,92,10,South,33,0
423,59,Female,88861,Self-Employed,725,488241,83,7,1,87350,176,6,South,5,0
424,43,Male,198362,Unemployed,386,481379,48,3,0,16716,50,9,North,127,1
425,52,Female,46750,Salaried,764,477295,31,4,0,62261,140,2,West,74,0
426,67,Female,55461,Student,375,410831,95,4,1,3995,123,4,South,126,0
427,42,Male,93222,Student,770,530754,83,3,0,24414,169,2,West,164,0
428,41,Male,127020,Self-Employed,713,351030,76,3,0,146916,23,5,South,151,0
429,30,Female,39226,Unemployed,756,333055,38,3,0,17522,195,9,West,168,0
430,24,Female,21721,Self-Employed,584,758926,31,3,0,131632,178,2,West,5,1
431,53,Female,35609,Unemployed,538,418962,50,3,0,76034,98,7,North,34,0
432,62,Male,198202,Salaried,671,93422,89,4,1,44322,30,1,West,24,0
433,37,Female,145513,Salaried,794,508100,68,1,0,69638,50,2,East,145,0
434,18,Male,119211,Salaried,344,340513,72,1,0,103334,122,7,North,95,1
435,25,Female,194967,Salaried,700,793325,57,8,0,141596,50,7,South,71,0
436,63,Female,151728,Student,546,297717,73,1,0,32846,18,0,North,92,1
437,33,Male,139865,Student,749,626195,31,5,0,75643,89,7,East,125,0
438,31,Female,89520,Self-Employed,784,737722,80,1,0,116930,67,9,East,22,0
439,29,Male,79309,Unemployed,317,747820,7,4,0,26399,76,1,West,15,1
440,68,Male,44984,Salaried,588,787381,19,3,0,125182,7,11,East,101,1
441,40,Female,133947,Salaried,713,431583,113,6,0,50591,32,6,East,15,0
442,32,Male,20901,Unemployed,534,157271,35,6,0,37877,129,5,East,153,0
443,45,Male,177624,Unemployed,715,358548,54,5,0,86106,161,1,East,53,0
444,51,Female,46055,Self-Employed,798,734688,17,9,0,80018,91,4,South,149,1
445,19,Male,183757,Unemployed,414,172477,95,4,0,101854,150,6,South,102,0
446,49,Male,160788,Salaried,533,234304,49,0,0,122832,167,7,North,113,1
447,40,Male,129099,Salaried,839,545277,38,2,0,88576,81,2,West,32,1
448,39,Female,26138,Salaried,310,650424,18,8,0,94508,80,0,South,21,1
449,68,Male,181370,Salaried,505,347022,83,0,0,48835,179,6,East,172,0
450,42,Female,197184,Salaried,546,357621,93,4,0,44464,118,4,West,83,0
451,39,Female,38429,Self-Employed,426,477697,103,1,0,114454,137,4,South,14,1
452,39,Male,65200,Salaried,446,736658,113,3,0,118062,79,6,North,15,1
453,66,Male,194316,Self-Employed,417,655587,31,0,0,69445,63,0,East,148,0
454,69,Male,116268,Salaried,681,690493,26,2,0,112454,63,7,West,34,0
455,59,Female,32347,Student,711,772976,33,9,1,123906,51,11,South,164,1
456,23,Male,162992,Student,662,634974,53,6,1,100384,99,9,West,83,1
457,32,Male,46822,Student,808,374430,105,9,0,62032,145,4,South,9,0
458,60,Male,192731,Student,436,483705,45,2,0,115521,82,7,North,158,0
459,54,Male,55108,Self-Employed,474,307619,71,3,0,118378,117,9,East,77,0
460,50,Male,143955,Self-Employed,588,611954,111,1,0,19140,113,9,North,163,1
461,25,Female,22967,Unemployed,780,363766,78,2,0,4670,110,4,East,141,0
462,61,Female,125719,Salaried,318,718016,92,8,0,38519,93,11,East,174,1
463,61,Male,26871,Student,494,664993,84,2,0,46512,37,6,West,9,1
464,22,Male,179685,Self-Employed,629,415520,82,4,0,105565,101,9,South,36,0
465,56,Male,43179,Salaried,474,112573,28,1,1,147763,194,2,North,117,0
466,21,Male,198260,Salaried,748,758180,86,3,0,107156,83,1,North,3,0
467,23,Female,70099,Self-Employed,653,274152,53,6,0,27595,20,5,North,19,0
468,62,Male,50262,Student,798,315435,7,6,0,10630,48,4,West,156,0
469,49,Female,93213,Unemployed,440,163477,89,2,0,109461,190,8,West,23,0
470,69,Female,132407,Salaried,392,253141,25,4,0,76191,124,9,West,104,0
471,47,Male,164340,Unemployed,538,303530,64,0,0,102591,138,3,East,135,0
472,64,Female,101269,Student,504,620197,51,9,0,65753,112,10,North,105,1
473,52,Female,75545,Student,732,156899,8,9,0,62520,147,2,East,142,0
474,57,Female,54922,Unemployed,544,589642,60,9,0,6008,8,8,North,46,0
475,69,Female,57913,Student,616,345687,17,0,1,109408,60,7,North,143,0
476,33,Male,112033,Salaried,594,547445,45,4,0,2496,68,5,South,15,0
477,30,Male,119792,Unemployed,581,564603,71,9,0,101767,166,0,North,51,1
478,67,Female,195913,Student,316,303076,105,8,0,25212,99,9,West,110,0
479,59,Male,192404,Unemployed,370,419380,83,0,0,22637,60,11,West,8,0
480,47,Male,134863,Salaried,568,674774,21,0,0,47227,36,10,West,69,0
481,36,Male,171104,Student,624,787957,88,3,0,121753,120,0,South,179,1
482,34,Male,183918,Salaried,604,137018,39,3,0,122118,13,11,South,63,0
483,36,Male,59936,Student,750,294385,49,1,0,11884,195,5,East,68,0
484,45,Female,175866,Self-Employed,306,100790,115,8,0,118481,109,2,North,144,0
485,43,Male,196403,Student,613,601543,11,8,0,70259,82,2,North,152,0
486,54,Male,43141,Unemployed,402,725117,82,1,1,51810,165,5,West,6,1
487,43,Male,155146,Student,492,177275,69,8,0,131926,91,2,West,119,0
488,40,Male,152478,Salaried,828,722221,105,5,0,6761,25,10,West,57,0
489,26,Female,112359,Salaried,470,266439,27,7,0,18375,59,9,West,31,0
490,29,Female,138279,Student,836,16350,23,9,1,104654,80,5,West,6,0
491,18,Female,169363,Unemployed,550,715872,17,3,0,34975,189,4,West,157,0
492,18,Female,56568,Self-Employed,686,323953,57,1,0,134955,134,3,North,67,0
493,64,Male,112539,Unemployed,506,106894,99,1,0,76489,145,7,South,131,0
494,51,Female,61851,Self-Employed,840,364701,56,8,0,10381,130,1,West,156,0
495,49,Male,69823,Salaried,715,441048,109,0,0,146867,136,11,North,74,1
496,65,Male,38312,Unemployed,679,561016,76,6,0,64999,88,10,West,114,0
497,42,Male,189180,Self-Employed,443,284720,101,2,1,51907,182,6,East,97,0
498,57,Male,180243,Student,324,427217,53,2,0,142710,119,3,East,176,0
499,62,Male,187851,Salaried,372,525841,24,1,1,72467,52,1,North,80,0
500,18,Female,113723,Student,392,88384,11,9,0,44623,127,6,South,123,0
501,33,Female,27411,Salaried,804,5390,89,5,0,112724,82,0,East,138,0
502,56,Female,72009,Unemployed,635,485751,32,9,1,105069,34,3,East,33,0
503,22,Female,161494,Unemployed,724,540857,58,1,0,21996,33,8,South,140,0
504,39,Male,188540,Salaried,798,411245,112,9,0,107682,140,3,East,44,0
505,46,Female,47371,Salaried,663,27490,106,3,0,85609,144,11,West,13,0
506,20,Male,72022,Salaried,498,499080,53,9,0,103490,45,2,South,152,0
507,29,Female,86229,Unemployed,712,797299,12,8,0,73325,30,9,East,172,1
508,43,Male,114071,Self-Employed,638,610108,64,8,0,30930,54,9,South,57,1
509,33,Male,197268,Student,728,366659,74,5,0,116426,6,1,West,96,0
510,68,Female,111774,Student,438,276265,16,3,0,19529,59,2,East,144,0
511,54,Male,41715,Unemployed,841,6539,20,6,0,55546,108,0,North,109,0
512,39,Male,42605,Student,356,415243,69,0,0,9942,188,9,East,120,0
513,46,Female,114853,Salaried,531,394546,8,3,0,9548,18,7,East,100,0
514,31,Male,46174,Self-Employed,734,317579,74,4,0,117248,138,0,West,149,0
515,45,Female,156028,Student,683,520584,28,7,0,99780,132,2,North,111,0
516,22,Female,91373,Self-Employed,493,68965,58,1,0,2296,108,2,North,51,0
517,64,Female,84252,Salaried,833,520249,42,4,0,69945,99,1,North,21,0
518,66,Male,85017,Student,817,378192,14,5,1,61980,85,4,West,60,0
519,47,Male,78037,Unemployed,484,337066,20,4,0,58782,65,9,West,179,0
520,63,Male,104818,Self-Employed,591,102799,8,8,0,98382,16,2,West,21,0
521,69,Female,21548,Salaried,634,98948,98,9,0,55444,17,2,West,107,0
522,22,Male,131981,Self-Employed,415,481055,75,0,0,37036,151,7,West,126,0
523,29,Female,169249,Student,348,148314,22,2,0,41322,176,3,North,134,0
524,33,Female,39022,Student,381,253099,31,1,0,53667,93,3,South,73,1
525,43,Male,121297,Unemployed,632,772610,26,2,0,96527,99,2,West,76,0
526,43,Female,151614,Salaried,634,731826,77,9,1,85337,63,10,South,78,1
527,65,Male,75428,Salaried,831,764066,26,8,0,53468,41,0,East,134,1
528,38,Male,168812,Unemployed,520,260821,16,8,0,74894,29,7,East,65,0
529,56,Male,74353,Unemployed,622,722176,43,9,0,65138,20,0,West,86,0
530,53,Male,128132,Salaried,302,315929,77,1,1,24588,170,6,East,34,1
531,50,Male,31052,Self-Employed,505,791939,111,2,0,64901,175,4,South,56,1
532,47,Female,115689,Self-Employed,339,465188,93,3,0,85038,91,3,East,75,1
533,54,Female,193148,Unemployed,358,687511,40,8,0,140709,146,3,East,3,1
534,40,Female,199492,Self-Employed,806,16618,19,2,0,133732,138,7,South,170,0
535,27,Male,146743,Salaried,421,341430,19,6,0,109211,27,10,East,6,1
536,22,Male,15163,Student,778,283266,15,2,0,8922,130,10,West,6,0
537,53,Male,56424,Student,395,667714,17,6,0,95697,64,5,South,148,1
538,51,Female,199816,Self-Employed,713,615724,43,6,0,119217,144,11,South,149,1
539,69,Male,156706,Unemployed,534,215448,113,8,0,71506,145,0,North,2,0
540,48,Female,150870,Unemployed,361,500919,115,1,0,126338,104,9,North,90,0
541,27,Female,37420,Unemployed,555,141109,39,5,0,29843,107,7,South,56,0
542,36,Male,135575,Unemployed,647,33633,46,8,0,142118,138,1,South,96,0
543,49,Male,44300,Unemployed,423,217456,15,1,0,105064,67,5,North,10,0
544,18,Female,104881,Self-Employed,781,303627,22,1,0,128417,42,8,West,87,0
545,22,Male,25749,Student,616,380325,22,4,0,118585,132,0,East,70,0
546,62,Female,119131,Student,803,471589,72,9,0,32346,54,5,East,151,0
547,21,Male,171193,Self-Employed,347,301213,67,9,0,125152,184,7,East,113,1
548,33,Male,143563,Unemployed,708,143442,100,9,0,113769,44,9,South,30,0
549,41,Female,52487,Self-Employed,435,649161,6,7,0,104391,12,1,West,128,1
550,33,Male,179433,Student,500,76947,17,8,0,75143,193,4,North,78,0
551,19,Female,36223,Salaried,549,175205,108,1,0,38787,12,5,West,165,0
552,66,Male,87930,Self-Employed,613,756395,9,4,1,35583,108,4,West,55,1
553,45,Female,160128,Unemployed,667,100761,47,6,0,145635,38,2,East,49,0
554,49,Female,43380,Student,728,380897,18,5,1,123943,192,3,North,34,0
555,44,Male,41035,Student,779,558214,103,5,0,113233,61,6,West,105,1
556,37,Female,45620,Student,613,109700,111,6,0,16925,178,3,North,172,0
557,41,Male,165949,Student,799,341128,90,2,0,85184,26,8,South,22,0
558,29,Male,132360,Unemployed,654,441606,91,2,0,78515,91,10,East,31,0
559,67,Male,68352,Salaried,784,578881,9,9,0,138427,44,11,North,135,0
560,52,Female,176983,Student,510,10209,87,8,0,48069,177,9,South,105,0
561,50,Female,178856,Self-Employed,343,655988,74,7,0,102854,187,1,South,149,1
562,50,Male,18191,Salaried,840,404749,24,4,0,56471,183,4,South,16,0
563,68,Male,179232,Student,391,615885,7,5,0,34705,90,7,West,20,1
564,60,Female,105536,Salaried,564,274355,17,9,0,130501,137,4,West,43,0
565,54,Male,119576,Self-Employed,519,14927,86,0,0,118361,99,9,East,172,0
566,29,Male,195795,Student,741,737823,79,9,0,89273,17,11,East,47,0
567,20,Female,18631,Self-Employed,700,646621,103,0,0,25241,32,7,South,114,1
568,18,Male,152244,Unemployed,699,160666,11,3,0,52818,88,7,East,19,0
569,50,Female,57080,Student,789,735212,13,1,0,94307,66,8,West,48,1
570,57,Male,105353,Student,784,213785,56,6,1,68920,97,9,East,139,0
571,27,Female,166353,Student,769,343526,16,1,0,120642,91,5,North,157,0
572,60,Male,43671,Student,744,144005,68,9,0,67453,28,11,West,45,0
573,61,Male,137811,Unemployed,568,633068,62,1,0,24689,102,3,South,164,1
574,46,Female,197503,Student,566,569984,17,4,0,141324,11,11,South,176,0
575,30,Male,142734,Salaried,353,201521,78,3,0,32844,170,10,East,87,0
576,29,Female,174674,Student,827,334760,7,7,0,97687,41,2,West,15,0
577,48,Male,66399,Unemployed,819,454764,13,3,0,25365,72,11,South,110,0
578,63,Female,169544,Student,358,162195,16,5,1,139098,174,4,South,172,0
579,19,Female,195302,Salaried,339,406013,58,4,0,100303,90,5,West,96,0
580,68,Female,22099,Unemployed,536,55013,105,1,0,30523,137,2,West,168,0
581,67,Female,171503,Unemployed,685,406562,15,7,1,143554,196,1,South,102,0
582,52,Male,71492,Salaried,599,221486,90,1,0,114105,182,6,East,86,0
583,40,Male,111722,Salaried,694,431888,89,8,0,50888,91,10,East,142,0
584,34,Female,193756,Salaried,506,415869,117,8,0,115884,19,4,East,81,0
585,43,Female,45111,Salaried,635,768638,13,2,0,108968,127,8,North,51,1
586,25,Female,78936,Salaried,813,555428,41,3,0,52110,111,2,West,112,0
587,46,Male,168686,Unemployed,477,268328,98,7,0,133565,185,7,South,15,0
588,43,Male,188063,Unemployed,695,432709,111,8,0,84001,157,5,North,65,0
589,27,Male,75920,Student,670,685206,81,2,1,41767,93,3,East,88,0
590,43,Male,78530,Student,617,116361,19,4,0,31550,129,11,North,76,0
591,51,Female,182296,Self-Employed,668,682555,117,7,1,146905,117,11,South,10,1
592,68,Female,22788,Student,683,797038,59,2,1,136042,141,8,South,42,1
593,58,Female,43082,Student,361,402172,119,6,0,100315,170,4,West,95,0
594,24,Male,138287,Salaried,804,21555,90,7,0,97494,154,9,East,11,0
595,21,Male,104570,Salaried,538,529213,91,9,0,129424,111,5,East,118,1
596,67,Male,116015,Student,494,619673,26,2,0,115855,91,8,North,144,1
597,62,Female,98588,Self-Employed,521,416906,113,1,0,84681,181,6,East,125,1
598,28,Female,162603,Salaried,360,325646,55,9,1,103489,72,11,North,78,0
599,46,Male,103340,Student,428,260658,99,6,0,132546,19,4,South,147,1
600,53,Female,109439,Student,455,447065,44,8,0,30900,69,1,South,159,0
601,42,Male,190929,Unemployed,677,686707,25,0,0,16126,58,3,South,90,0
602,38,Male,156214,Self-Employed,736,759085,93,2,0,113198,162,1,South,8,1
603,53,Female,130053,Unemployed,506,108844,92,4,0,81303,97,2,South,152,0
604,27,Male,63355,Self-Employed,687,96321,12,2,0,69061,24,9,North,136,0
605,54,Female,155938,Salaried,779,724211,14,0,0,18978,37,11,South,111,0
606,26,Male,140426,Self-Employed,639,103234,6,6,0,58344,104,2,North,176,0
607,41,Female,79027,Student,639,479718,31,6,0,48648,81,3,South,158,0
608,52,Female,174210,Student,503,756993,43,9,0,3055,139,5,North,58,0
609,66,Female,107601,Self-Employed,460,730571,43,7,0,77582,140,11,North,86,1
610,52,Male,44956,Self-Employed,839,476761,66,4,0,83214,160,2,North,55,0
611,65,Male,119797,Self-Employed,691,294987,49,9,0,109954,177,9,East,122,0
612,53,Female,139917,Unemployed,833,329464,91,4,0,40725,111,0,North,108,0
613,35,Female,141303,Self-Employed,369,559081,49,4,0,138327,124,0,North,48,1
614,66,Male,151511,Salaried,704,678217,79,0,1,55380,78,8,South,132,0
615,56,Male,193313,Unemployed,816,24627,67,9,0,55333,15,8,North,165,0
616,49,Male,57533,Unemployed,419,328966,11,4,0,44459,35,4,North,136,0
617,41,Female,174342,Self-Employed,516,482317,22,5,1,118518,16,8,West,129,0
618,40,Male,93815,Salaried,355,227633,56,0,0,38163,128,10,East,47,0
619,49,Male,54279,Unemployed,665,322942,119,6,0,86730,82,6,West,5,0
620,54,Female,124787,Student,803,753728,43,0,1,21476,183,8,South,178,0
621,29,Male,169960,Unemployed,754,704476,29,1,0,70580,176,11,East,24,1
622,66,Male,163702,Self-Employed,403,342462,56,1,0,107576,100,6,East,175,0
623,30,Male,76063,Salaried,376,371330,15,4,1,88593,54,8,West,18,1
624,40,Female,142896,Self-Employed,529,787479,77,9,0,111071,121,1,East,84,1
625,42,Female,181216,Student,557,355046,26,6,0,116832,21,10,West,156,0
626,52,Female,198233,Student,563,426773,75,0,0,140579,167,10,North,5,0
627,58,Female,197051,Student,630,338478,90,9,0,145190,133,7,West,30,0
628,47,Female,112661,Self-Employed,481,473379,62,0,0,70682,161,6,East,1,1
629,34,Female,153051,Unemployed,849,373863,44,0,0,93713,183,5,East,86,0
630,66,Female,172261,Self-Employed,326,128099,93,5,1,106060,68,4,South,82,0
631,37,Male,188672,Salaried,575,738362,38,1,1,137486,136,3,South,174,0
632,65,Male,138257,Unemployed,598,702974,64,0,1,85030,91,6,South,69,0
633,42,Female,101205,Student,390,279864,23,5,0,122360,160,2,South,31,1
634,39,Male,21910,Self-Employed,779,324752,61,1,0,87973,20,7,East,91,0
635,30,Male,61857,Student,757,112449,97,5,1,137009,67,1,South,93,0
636,36,Female,49964,Student,750,107828,62,9,1,38731,80,0,West,127,0
637,66,Male,171299,Salaried,664,131613,101,7,0,116360,185,10,North,156,0
638,53,Male,152050,Unemployed,650,77095,81,1,0,3750,89,1,East,16,0
639,29,Male,32153,Salaried,699,635212,53,8,0,67018,113,8,South,54,1
640,58,Male,74765,Salaried,552,482910,47,7,0,137099,21,4,East,140,1
641,36,Male,123212,Salaried,758,625740,32,9,0,138817,172,10,South,20,1
642,29,Female,54071,Student,798,92593,79,0,0,88984,145,7,East,82,0
643,26,Female,127990,Salaried,807,696252,115,6,0,109983,184,2,South,162,0
644,24,Female,84519,Salaried,603,344386,57,9,0,30451,62,6,North,151,0
645,45,Male,24503,Unemployed,800,131202,47,5,0,95743,169,1,South,109,0
646,31,Female,110457,Unemployed,465,82606,37,5,0,73474,83,7,West,155,0
647,48,Male,162977,Salaried,714,128769,111,5,0,14150,65,6,East,113,0
648,69,Male,60838,Unemployed,761,123542,31,5,0,15406,117,11,East,17,0
649,36,Male,140200,Unemployed,413,373582,30,9,0,118047,125,4,West,176,0
650,64,Male,104489,Salaried,732,792356,80,6,0,125971,38,11,West,149,1
651,33,Female,41806,Student,655,580610,28,2,0,105157,74,10,North,178,0
652,22,Female,191072,Salaried,506,162550,103,5,0,20325,21,3,East,168,0
653,52,Male,168240,Unemployed,534,600330,62,2,0,96415,24,0,North,126,0
654,29,Female,85119,Student,741,575706,57,6,1,142508,63,4,East,3,0
655,42,Male,53714,Self-Employed,654,460433,109,6,0,19669,73,11,East,17,0
656,69,Female,70419,Student,814,629987,92,7,0,129385,165,8,North,50,0
657,38,Female,195217,Unemployed,507,95140,98,1,0,74010,106,9,East,122,0
658,53,Male,120432,Student,424,471978,36,8,1,134915,124,3,East,90,1
659,40,Female,107949,Salaried,437,541069,69,4,0,52812,149,8,North,87,0
660,33,Male,148533,Self-Employed,638,403731,76,8,0,18059,61,11,South,6,0
661,56,Female,160363,Self-Employed,836,384502,109,9,0,88269,87,1,North,156,0
662,62,Male,192876,Self-Employed,367,303277,38,4,0,27395,133,3,East,55,0
663,59,Male,91971,Unemployed,840,102628,90,6,1,22202,17,8,West,173,0
664,56,Female,108471,Unemployed,682,606234,7,8,0,146345,159,3,South,147,0
665,31,Female,79946,Self-Employed,318,90058,23,3,0,105235,191,4,West,102,0
666,48,Male,113989,Student,749,486799,52,1,0,47510,10,10,South,29,0
667,22,Female,99080,Self-Employed,373,156542,38,8,0,89945,101,7,West,151,0
668,52,Female,92794,Student,575,310273,106,1,0,72649,98,0,South,111,0
669,40,Male,45841,Student,347,275675,103,2,0,108723,114,0,North,160,1
670,46,Male,139447,Unemployed,510,304182,89,9,0,4881,155,8,South,10,0
671,60,Female,135029,Student,839,355083,40,1,0,47913,142,8,South,91,0
672,28,Male,194830,Self-Employed,490,47674,56,2,0,113860,55,3,South,177,0
673,35,Male,91272,Unemployed,614,132572,119,5,0,86785,151,1,East,29,0
674,64,Male,52643,Salaried,412,755018,23,2,0,64457,55,8,West,45,1
675,29,Female,196480,Salaried,469,480692,115,9,0,141728,91,3,North,51,0
676,26,Female,58950,Unemployed,767,296975,93,7,0,7741,72,5,West,101,0
677,27,Male,115500,Self-Employed,313,586462,77,5,0,149733,88,11,West,128,1
678,61,Female,174116,Salaried,587,436436,35,6,0,99091,46,0,North,11,0
679,34,Male,140588,Salaried,488,450935,49,0,0,30690,61,11,East,82,0
680,55,Female,30997,Student,454,785296,58,2,0,34833,170,8,South,128,1
681,24,Male,94751,Student,770,58051,15,2,0,104566,66,4,East,6,0
682,63,Male,113605,Self-Employed,374,208085,92,1,0,73240,11,2,East,67,1
683,30,Female,169983,Unemployed,576,323796,57,6,0,108898,116,3,South,62,0
684,57,Male,70533,Self-Employed,642,70524,54,8,0,79711,182,0,West,133,0
685,59,Female,97566,Unemployed,724,481152,16,3,1,41023,184,8,South,137,1
686,26,Female,160643,Salaried,810,273614,71,4,0,42209,30,7,North,28,0
687,67,Male,123255,Student,481,465814,63,2,1,95590,158,3,South,38,0
688,44,Male,73005,Self-Employed,757,522733,95,8,0,88612,23,1,West,43,0
689,19,Female,58541,Self-Employed,363,320617,41,3,0,82522,13,8,East,117,1
690,22,Male,38387,Unemployed,559,760477,38,4,0,113654,65,3,East,149,1
691,46,Male,108980,Unemployed,492,49439,52,0,1,147512,24,8,South,46,0
692,54,Male,194980,Self-Employed,705,281452,18,1,0,121107,110,9,North,166,0
693,55,Male,100457,Unemployed,392,96563,45,8,0,141032,54,2,West,49,0
694,36,Male,159129,Self-Employed,729,756616,94,1,0,24462,85,6,East,39,0
695,25,Female,79028,Self-Employed,733,302225,73,4,0,19821,154,6,South,71,0
696,65,Female,134246,Self-Employed,703,735602,47,7,0,94889,145,9,North,127,0
697,62,Male,70731,Salaried,733,448599,24,2,0,90952,144,3,North,158,0
698,18,Male,170930,Unemployed,411,539125,87,5,0,120066,14,1,East,149,1
699,39,Male,194761,Student,674,764495,106,3,0,81364,69,10,East,1,0
700,69,Female,59638,Student,358,647416,99,6,0,72077,162,8,West,160,1
701,34,Male,192558,Unemployed,342,172896,24,9,0,42644,12,3,North,136,0
702,24,Female,35567,Self-Employed,506,693433,63,2,0,64643,153,7,West,69,1
703,42,Female,175811,Student,595,626912,28,5,1,15311,26,1,North,30,0
704,62,Female,72804,Student,417,424515,59,9,1,131466,22,7,North,115,1
705,21,Male,123821,Unemployed,831,719221,85,8,1,32531,198,10,South,8,1
706,53,Female,18754,Student,521,35063,70,9,0,16588,180,9,East,113,0
707,23,Male,42044,Self-Employed,465,598741,17,0,1,51416,176,4,North,19,1
708,48,Female,82260,Unemployed,455,259371,29,2,0,145452,13,6,West,59,1
709,36,Male,81912,Self-Employed,483,107166,39,1,0,23711,199,6,East,158,0
710,61,Female,23706,Student,389,19506,58,7,0,138169,58,11,West,79,0
711,56,Male,23894,Student,393,230413,13,6,0,118348,30,8,East,36,0
712,44,Female,164109,Self-Employed,312,118604,23,1,1,24076,98,2,East,55,0
713,27,Male,98986,Salaried,737,31026,62,5,0,86274,104,9,North,44,0
714,43,Male,96942,Student,837,425888,117,2,0,59609,30,3,South,155,0
715,36,Male,197684,Salaried,449,319557,10,7,0,60480,38,9,North,77,0
716,56,Male,44725,Student,307,260116,31,9,0,9044,12,3,East,78,1
717,20,Female,151998,Salaried,328,332210,35,2,0,57486,142,9,North,101,0
718,62,Female,119555,Salaried,595,195285,59,9,0,57162,52,4,North,176,0
719,30,Male,24496,Salaried,639,55971,18,8,0,31882,187,5,East,30,0
720,67,Female,71447,Self-Employed,738,425497,88,0,0,56078,111,2,East,39,0
721,45,Male,116604,Salaried,443,118978,34,4,0,60734,58,3,North,13,0
722,37,Male,175878,Salaried,818,164163,8,2,0,110730,172,2,North,122,0
723,45,Female,103199,Salaried,344,108864,95,5,0,89985,123,1,North,144,1
724,25,Male,56321,Student,538,399295,109,9,1,46028,147,9,West,172,1
725,58,Male,168728,Salaried,454,624674,63,1,0,100938,85,11,North,112,1
726,56,Female,70147,Student,480,444967,81,8,0,120319,150,8,West,155,1
727,18,Male,106396,Salaried,514,615414,7,5,0,34543,100,0,South,45,1
728,20,Male,195738,Salaried,387,453648,80,6,0,126279,106,1,West,119,1
729,30,Male,53787,Self-Employed,555,691311,113,4,0,31362,155,7,North,35,1
730,45,Male,36727,Student,810,610151,33,8,0,143129,66,6,South,156,0
731,66,Female,110081,Salaried,372,345435,87,0,0,44915,50,11,West,7,0
732,42,Female,137721,Student,478,130659,82,4,0,53370,91,0,West,110,0
733,50,Female,83056,Student,511,720232,106,9,0,113375,103,4,East,114,1
734,55,Male,149153,Unemployed,533,12235,91,5,0,144394,43,9,South,51,0
735,23,Male,180268,Self-Employed,764,349877,81,6,0,71812,147,5,East,46,0
736,61,Female,182807,Self-Employed,522,67712,7,3,0,36017,57,4,South,20,0
737,62,Male,95102,Self-Employed,563,157545,106,0,1,58792,196,3,West,96,0
738,49,Male,171570,Unemployed,506,727927,12,7,0,131198,195,0,East,38,1
739,62,Male,91865,Unemployed,665,767178,31,9,0,19629,84,6,North,104,1
740,64,Male,177728,Self-Employed,575,130849,95,3,0,130614,20,8,West,32,0
741,38,Female,82695,Unemployed,679,260493,93,2,1,141317,108,5,South,154,0
742,33,Female,183972,Unemployed,608,609111,81,6,0,98950,74,2,South,58,0
743,38,Female,132235,Unemployed,567,109215,21,1,0,66829,198,9,East,167,0
744,28,Male,193773,Self-Employed,363,770359,28,7,0,12588,145,3,East,148,1
745,54,Female,123777,Self-Employed,649,37230,45,5,1,133514,112,9,South,82,0
746,53,Female,34033,Self-Employed,793,351717,65,6,1,107280,51,4,West,50,0
747,52,Male,156877,Unemployed,822,752948,78,4,0,42721,13,11,East,52,0
748,36,Male,181923,Self-Employed,397,467092,37,8,0,12599,195,11,North,86,0
749,37,Female,41832,Unemployed,370,307788,20,4,0,74594,38,0,South,115,0
750,35,Female,130725,Salaried,663,184736,106,4,0,136011,161,4,North,150,0
751,64,Female,160016,Unemployed,575,333821,18,2,0,24149,169,0,South,53,0
752,58,Female,34873,Student,349,423641,10,0,0,129616,175,8,North,66,1
753,66,Male,55372,Self-Employed,657,652534,80,1,0,143280,90,6,West,117,0
754,31,Female,104464,Self-Employed,784,89817,79,7,0,111034,119,2,South,43,0
755,32,Female,161451,Student,383,243657,57,0,0,22951,68,8,West,82,0
756,48,Male,132322,Unemployed,595,222033,82,6,0,48766,156,1,East,151,0
757,18,Female,182823,Salaried,535,236414,46,4,0,59014,38,11,South,64,0
758,20,Male,115082,Student,355,261812,58,2,1,89122,180,6,West,137,0
759,33,Male,20110,Student,659,309958,115,6,0,11308,16,8,North,113,0
760,40,Male,27087,Unemployed,409,599507,55,8,0,61252,155,5,West,135,1
761,28,Female,169834,Self-Employed,491,175956,20,1,0,85211,101,9,South,169,0
762,29,Female,97617,Unemployed,392,362489,111,7,0,128534,125,4,West,54,0
763,27,Male,115483,Student,359,262134,12,8,0,10720,145,11,North,65,0
764,49,Female,24596,Student,338,367232,45,2,0,128204,91,6,North,2,1
765,33,Female,122539,Self-Employed,839,26650,33,1,0,81993,106,5,North,132,0
766,25,Male,33313,Self-Employed,348,361386,37,6,0,49113,100,4,East,78,0
767,55,Male,128175,Self-Employed,719,175521,104,4,0,50926,177,1,South,32,0
768,29,Female,129914,Unemployed,312,175733,20,4,1,138464,118,7,North,100,1
769,41,Male,38705,Self-Employed,335,247037,117,9,0,27905,197,6,East,130,1
770,45,Female,88445,Student,400,85428,105,4,1,52385,51,5,North,104,0
771,25,Female,118892,Student,385,211251,90,3,1,32653,62,4,West,142,0
772,45,Female,17023,Salaried,815,539231,75,4,0,93865,137,4,South,148,0
773,53,Female,134654,Unemployed,522,703600,70,3,0,127813,125,8,West,89,1
774,43,Male,95073,Salaried,637,443976,9,5,0,147871,122,0,East,49,1
775,25,Male,107197,Student,465,26042,16,3,0,17052,9,8,West,136,0
776,67,Male,79429,Salaried,682,782130,113,1,0,139116,192,5,West,174,1
777,45,Male,119195,Student,675,323903,31,8,1,23381,100,3,North,149,0
778,45,Female,48848,Salaried,770,373117,66,1,0,85108,25,9,West,87,0
779,54,Female,183876,Self-Employed,330,715731,42,8,0,51892,156,6,North,160,1
780,58,Male,161451,Salaried,674,681278,28,9,0,93501,132,8,North,8,1
781,53,Female,42766,Self-Employed,310,387811,98,5,0,85391,128,4,South,101,1
782,44,Female,83099,Self-Employed,601,506691,90,8,0,19920,150,4,East,16,1
783,34,Female,182132,Unemployed,395,219304,117,8,0,18702,25,7,East,40,0
784,26,Male,84122,Self-Employed,489,401178,114,2,0,3894,58,6,East,106,0
785,50,Male,162159,Self-Employed,752,674211,114,0,0,32985,142,7,North,27,0
786,37,Male,63868,Salaried,491,443963,118,0,0,127702,156,10,East,104,0
787,30,Female,134119,Student,785,319493,96,2,0,75527,108,11,North,105,0
788,45,Male,169297,Unemployed,565,206904,108,4,0,148511,115,9,South,146,0
789,65,Male,110286,Self-Employed,723,716716,45,2,0,130676,120,1,East,35,0
790,46,Male,21643,Unemployed,427,675105,82,8,0,44235,192,8,North,113,1
791,30,Male,51727,Salaried,537,10730,28,8,0,26976,61,2,East,52,0
792,63,Male,157077,Self-Employed,654,412137,21,2,0,84643,132,5,East,143,0
793,52,Male,124079,Salaried,411,758790,99,2,0,109631,155,5,South,53,1
794,23,Female,80697,Unemployed,745,207210,66,4,0,58697,154,1,West,91,0
795,35,Female,31029,Salaried,642,743471,73,1,0,72382,166,11,East,81,1
796,68,Male,160298,Unemployed,444,24023,109,5,0,18651,124,6,South,104,0
797,22,Male,174803,Salaried,364,656084,85,6,0,16633,74,8,East,66,0
798,64,Female,124458,Unemployed,546,350430,36,8,0,81164,160,11,East,113,0
799,42,Female,125384,Student,789,413213,58,5,1,2569,99,9,East,31,0
800,19,Male,83926,Salaried,738,705399,111,2,0,69509,103,10,East,61,0
801,27,Male,152069,Salaried,405,525610,30,4,0,125425,171,0,West,101,0
802,47,Male,70506,Student,480,25923,49,3,0,103126,46,7,West,105,0
803,67,Male,93229,Student,483,401103,17,4,0,129522,155,1,East,98,1
804,62,Female,195887,Salaried,525,199795,95,7,1,35038,74,0,East,34,0
805,22,Male,57092,Student,388,238462,106,7,0,40138,6,7,South,59,0
806,50,Male,77539,Self-Employed,829,56413,117,5,1,112740,156,1,South,3,0
807,18,Male,167889,Unemployed,670,260719,102,0,0,113174,149,5,North,17,0
808,35,Male,183933,Unemployed,698,558044,97,7,0,51272,113,5,West,78,0
809,49,Female,28428,Unemployed,405,338720,14,7,0,139980,69,4,East,46,1
810,64,Female,190006,Self-Employed,570,647536,17,1,0,143916,74,7,West,166,1
811,66,Female,156330,Student,802,277448,74,3,0,53455,73,2,South,35,0
812,28,Male,72775,Student,824,559629,59,1,0,70447,125,9,West,129,1
813,38,Male,20469,Salaried,331,415226,59,3,0,79108,113,3,West,112,1
814,43,Female,43854,Student,692,132039,33,9,0,40333,64,6,East,157,0
815,42,Male,152328,Salaried,339,721118,61,6,1,123219,182,6,East,132,1
816,39,Male,91256,Self-Employed,517,692018,104,8,0,85029,97,11,South,61,1
817,44,Female,180009,Unemployed,381,185074,74,7,0,41697,16,7,East,97,0
818,66,Female,114134,Unemployed,500,763678,103,8,0,19634,107,1,South,145,0
819,30,Female,147723,Unemployed,746,661735,115,7,0,127520,179,10,South,156,0
820,50,Female,196360,Student,727,628773,103,1,0,26561,199,11,North,178,0
821,51,Male,99730,Salaried,337,136562,82,6,0,57063,116,1,North,90,0
822,58,Male,171123,Salaried,510,8729,108,1,0,27921,69,3,North,136,0
823,52,Female,42386,Self-Employed,743,666334,111,1,0,21340,159,9,West,162,1
824,18,Male,162256,Student,626,647510,114,3,0,64781,52,8,North,59,1
825,38,Female,48787,Self-Employed,526,352360,117,0,0,16901,92,9,East,18,0
826,65,Female,36621,Salaried,347,613148,63,4,0,12638,66,11,East,95,1
827,23,Male,92984,Salaried,317,263360,83,5,0,46324,48,8,North,155,0
828,45,Female,191325,Unemployed,738,364014,80,8,0,90356,151,3,West,16,0
829,34,Male,49051,Student,486,26398,47,9,0,34642,191,8,South,10,0
830,22,Male,64811,Salaried,644,301794,43,7,1,27378,140,2,West,104,0
831,48,Male,45447,Unemployed,523,633177,73,1,0,52867,59,11,West,76,1
832,22,Male,143046,Student,787,270303,58,0,0,75686,112,4,South,150,0
833,55,Female,176326,Self-Employed,528,365306,38,1,0,44875,51,9,South,16,0
834,20,Male,99045,Student,689,460982,76,6,0,120171,6,8,South,12,0
835,40,Female,131859,Student,487,230959,61,3,0,102061,117,5,East,75,1
836,54,Female,160544,Salaried,569,632122,110,9,0,66377,171,2,South,179,0
837,54,Female,18471,Salaried,609,415281,77,4,0,56691,177,9,South,129,0
838,27,Female,135312,Student,431,550926,106,6,1,51063,164,8,West,27,1
839,27,Male,154401,Salaried,371,792505,56,2,0,93782,197,5,West,12,1
840,36,Male,180937,Salaried,486,444727,79,9,0,80343,170,3,North,30,0
841,34,Female,61850,Salaried,785,744667,48,1,0,85071,15,3,West,9,0
842,38,Female,69220,Unemployed,490,523490,20,6,0,138564,142,7,South,53,1
843,31,Male,108808,Unemployed,721,761357,43,4,0,123399,116,6,East,54,1
844,26,Female,152469,Student,419,558608,20,0,1,33357,191,0,West,165,0
845,63,Male,181597,Salaried,519,468092,10,0,0,34314,94,5,West,170,0
846,18,Female,68072,Unemployed,352,39924,98,8,0,72283,59,7,South,49,0
847,68,Male,98820,Student,750,217792,88,4,0,61567,152,2,West,4,0
848,62,Female,38284,Salaried,711,438950,59,0,0,49006,21,8,West,79,0
849,30,Female,98369,Self-Employed,536,700385,56,6,1,143758,72,9,South,179,1
850,21,Male,40122,Salaried,705,7159,15,8,0,63606,137,1,West,91,0
851,18,Female,145349,Salaried,721,578228,17,0,0,20891,192,5,East,79,0
852,66,Female,85553,Unemployed,546,608724,9,9,0,103732,155,11,North,159,1
853,57,Male,109788,Student,371,475192,100,3,0,31877,178,0,West,103,0
854,49,Female,77812,Student,484,543966,23,2,0,16026,56,11,East,111,0
855,51,Male,22999,Unemployed,305,721435,85,4,0,22422,142,10,West,58,1
856,45,Male,37436,Salaried,505,445420,109,6,0,142316,178,1,North,82,0
857,48,Female,57963,Self-Employed,843,410237,41,7,0,35481,160,4,South,132,0
858,25,Female,148168,Salaried,686,667132,30,1,1,91180,101,0,North,22,0
859,56,Female,171351,Salaried,375,596451,92,6,0,111384,175,7,West,131,1
860,43,Female,123899,Self-Employed,476,770328,81,0,0,60031,158,0,North,79,1
861,51,Female,41201,Unemployed,648,734115,103,6,0,141593,187,8,North,99,1
862,20,Female,165787,Student,554,159536,41,7,0,134818,52,9,South,175,0
863,67,Female,175381,Unemployed,607,580425,106,1,1,85127,33,10,West,38,0
864,29,Male,161150,Unemployed,644,428448,72,8,0,94254,31,2,North,161,0
865,18,Female,20105,Salaried,426,506233,14,0,0,70232,150,11,North,176,1
866,61,Male,132666,Student,586,629773,66,5,0,145084,108,1,South,117,1
867,22,Female,109848,Student,786,245970,58,0,0,82224,64,0,East,26,0
868,47,Female,17839,Unemployed,682,634756,23,2,0,31960,110,8,West,136,0
869,47,Male,83920,Self-Employed,705,5901,48,5,0,89695,73,3,East,50,0
870,34,Female,58619,Unemployed,687,92980,40,2,1,132066,118,11,East,38,0
871,65,Female,57821,Self-Employed,824,374738,68,7,0,140982,25,0,South,138,0
872,64,Male,140736,Student,575,481813,103,4,1,4693,156,0,South,42,0
873,40,Female,159565,Unemployed,799,794313,110,1,0,117313,106,6,West,37,0
874,32,Female,32069,Salaried,636,297007,83,3,0,148930,135,1,East,154,0
875,54,Female,22531,Unemployed,780,771722,9,8,0,30810,99,6,North,140,1
876,38,Male,183123,Student,572,403838,98,3,0,22092,194,11,East,49,0
877,31,Female,153808,Salaried,357,520956,46,9,0,60105,109,6,South,142,1
878,19,Female,153782,Salaried,627,481384,50,9,1,30555,129,9,North,46,0
879,28,Female,82155,Self-Employed,408,492063,55,7,1,73934,6,8,North,163,1
880,68,Female,160047,Salaried,578,731546,84,4,1,74788,70,6,South,29,1
881,56,Male,77424,Salaried,627,256839,33,9,0,79257,117,0,North,12,0
882,55,Male,60603,Unemployed,614,326395,47,0,1,19939,174,11,East,116,0
883,51,Female,169324,Student,773,601860,85,6,0,144897,166,7,South,82,0
884,55,Female,147503,Self-Employed,410,568543,81,2,0,130068,46,7,West,44,1
885,67,Male,183553,Unemployed,528,592500,74,9,0,2036,24,3,South,2,0
886,51,Male,107573,Salaried,796,392773,103,7,0,95948,101,7,West,17,0
887,35,Female,155629,Salaried,455,27499,111,2,0,85707,72,3,West,138,0
888,47,Male,118302,Self-Employed,772,631840,6,0,0,41051,177,7,South,18,0
889,32,Female,146234,Student,571,449844,44,4,1,82738,79,4,South,22,0
890,44,Male,180814,Self-Employed,301,590648,101,1,0,75596,129,3,West,83,1
891,68,Male,34675,Unemployed,810,402819,95,3,0,62071,174,5,West,58,0
892,51,Male,88997,Self-Employed,585,491525,22,0,1,132613,51,1,North,53,1
893,69,Male,163087,Salaried,312,148704,117,8,0,75601,9,11,South,1,0
894,55,Female,196129,Unemployed,797,690967,96,5,1,31873,53,1,South,61,0
895,50,Male,178663,Salaried,537,96873,93,7,0,73468,128,1,North,159,0
896,41,Male,155905,Student,393,70756,40,3,0,28470,41,8,South,31,0
897,32,Female,22896,Salaried,637,445210,51,8,0,10328,166,9,North,66,0
898,47,Male,179044,Salaried,470,199454,47,1,0,139405,150,2,North,147,1
899,59,Male,64733,Self-Employed,766,323488,44,8,0,123173,23,9,South,53,1
900,68,Female,56800,Salaried,442,451991,95,4,0,48638,44,3,East,95,1
901,34,Male,111044,Unemployed,500,405565,54,5,0,13268,21,9,West,150,1
902,22,Female,20347,Unemployed,479,556752,67,2,1,115920,192,11,South,23,1
903,46,Female,148715,Student,663,440840,43,3,0,112379,103,7,East,143,0
904,21,Female,55785,Unemployed,778,126897,28,5,0,9887,97,3,North,154,0
905,27,Female,33681,Self-Employed,770,525082,27,6,0,26918,46,10,East,131,1
906,34,Male,196098,Student,683,304488,9,0,0,37497,127,9,South,87,0
907,27,Female,118864,Unemployed,716,88791,54,6,0,95562,111,9,South,148,0
908,34,Male,161964,Self-Employed,607,684659,64,0,1,13929,76,6,East,125,0
909,37,Male,62299,Unemployed,666,708335,78,4,0,104201,69,4,South,109,1
910,41,Male,32073,Unemployed,300,137534,73,5,0,118566,113,8,West,40,0
911,22,Male,117304,Salaried,343,86441,76,1,0,30546,57,3,East,121,0
912,51,Male,45682,Unemployed,397,242612,92,9,0,84494,139,2,North,39,0
913,23,Male,139302,Unemployed,564,438797,7,8,0,48566,137,1,East,120,0
914,19,Male,160361,Self-Employed,439,236444,54,9,0,87464,28,0,East,18,0
915,30,Male,130359,Self-Employed,780,142263,93,5,0,130279,32,10,East,169,0
916,60,Male,153999,Salaried,536,350578,109,6,0,83991,66,5,East,155,0
917,60,Male,194402,Unemployed,371,613806,100,9,0,94680,21,9,North,143,1
918,65,Female,81707,Salaried,489,740518,116,7,0,30013,24,1,North,37,0
919,28,Female,80428,Unemployed,567,52645,36,9,0,54132,7,7,North,5,0
920,68,Female,65601,Student,620,244608,116,0,0,109855,169,5,East,73,0
921,64,Male,148611,Student,406,552571,45,7,1,93627,147,11,West,135,0
922,40,Female,126487,Salaried,531,521369,53,3,0,124772,55,11,West,41,0
923,33,Female,168741,Salaried,341,354115,56,9,0,147251,180,4,North,10,1
924,48,Female,166716,Salaried,438,719483,48,7,0,143294,140,1,West,154,1
925,28,Male,164817,Self-Employed,572,107780,103,5,1,66068,145,6,West,68,0
926,33,Male,43228,Self-Employed,780,428240,60,8,1,18116,180,1,West,24,0
927,25,Male,180593,Self-Employed,715,447846,93,3,1,53369,7,4,West,78,0
928,21,Male,137788,Salaried,805,5515,54,1,0,105100,197,1,West,169,0
929,57,Female,112239,Unemployed,723,758160,95,1,0,31655,77,10,South,145,1
930,21,Female,41928,Student,706,313360,85,4,0,49632,163,9,North,109,0
931,42,Female,33322,Salaried,689,338977,62,9,0,147265,109,10,East,24,0
932,20,Female,102896,Self-Employed,641,588043,116,8,0,20895,122,10,West,155,0
933,49,Male,77292,Self-Employed,792,557144,82,2,0,25086,158,1,South,7,0
934,20,Male,44055,Salaried,491,513175,20,7,0,87637,188,6,East,73,1
935,44,Male,57891,Salaried,798,78870,32,3,0,109334,38,8,South,107,0
936,46,Female,96912,Self-Employed,532,142080,73,5,0,65083,141,4,West,99,0
937,49,Male,152660,Unemployed,526,799419,85,9,0,97028,66,6,West,122,0
938,67,Male,105536,Self-Employed,670,101502,69,5,1,68957,124,3,West,12,0
939,68,Female,21304,Self-Employed,438,595611,99,2,0,99551,119,1,West,85,0
940,36,Female,22345,Salaried,448,437206,113,4,0,80506,17,2,East,3,1
941,38,Male,175372,Unemployed,414,742902,35,2,0,140355,73,1,East,79,1
942,22,Male,170331,Self-Employed,749,483977,41,0,0,96024,173,4,South,85,0
943,35,Male,106006,Self-Employed,362,696804,72,6,0,83481,81,5,North,10,1
944,45,Male,161424,Student,403,433556,91,3,0,2255,5,6,West,33,0
945,59,Male,144350,Salaried,572,634507,118,6,0,17487,93,2,South,46,0
946,39,Male,179437,Student,305,534321,91,2,0,21346,51,3,South,59,0
947,38,Female,34446,Student,446,340468,119,4,1,37050,8,7,South,52,0
948,23,Female,17336,Self-Employed,483,639044,119,4,0,10744,195,3,West,6,1
949,18,Female,77032,Salaried,327,485350,54,1,0,63596,184,6,West,130,1
950,22,Male,112852,Unemployed,849,501232,81,9,0,121640,14,11,South,29,0
951,58,Female,153593,Self-Employed,418,493455,60,1,1,57032,32,5,West,119,1
952,29,Male,169553,Unemployed,592,267210,90,3,0,44687,125,6,South,168,0
953,43,Male,33474,Unemployed,670,643447,61,3,0,64863,130,0,East,97,1
954,63,Female,192832,Salaried,543,705606,73,3,1,133663,138,2,West,68,1
955,51,Male,70718,Student,517,536821,100,5,1,8277,159,5,East,157,0
956,66,Male,59629,Salaried,476,730512,49,1,1,63860,144,2,North,60,1
957,31,Female,60232,Unemployed,598,771941,36,5,0,135332,66,6,West,124,1
958,43,Female,101544,Self-Employed,357,382972,63,6,0,26741,184,8,North,84,0
959,62,Female,65669,Unemployed,568,638316,92,9,1,121720,180,2,South,41,0
960,44,Male,84184,Self-Employed,607,255231,58,2,0,39211,71,0,West,113,0
961,26,Female,194017,Self-Employed,587,17940,89,7,0,8869,178,9,West,65,0
962,43,Female,28140,Salaried,404,385171,84,1,0,89616,78,5,West,79,1
963,64,Male,141468,Unemployed,527,546220,28,7,0,96515,99,11,North,63,0
964,39,Female,98457,Student,546,231377,33,4,1,62110,147,0,North,176,0
965,64,Female,29357,Unemployed,793,455043,21,1,0,36033,40,0,South,148,0
966,47,Female,126672,Unemployed,382,29648,42,6,0,47213,146,7,East,118,0
967,60,Male,83673,Student,485,37966,26,1,1,14938,116,8,East,37,0
968,65,Male,136673,Salaried,551,425993,84,5,0,132842,135,1,North,64,1
969,34,Male,80633,Unemployed,654,260733,22,9,0,4274,117,8,West,86,0
970,43,Male,111111,Unemployed,509,168639,119,2,0,86390,114,4,East,133,0
971,53,Female,93258,Self-Employed,746,251331,42,8,0,22044,118,7,East,34,0
972,18,Male,158996,Unemployed,759,47598,82,2,0,101372,71,6,North,39,0
973,25,Male,84286,Student,771,195271,24,2,0,16706,130,6,South,67,0
974,66,Female,108269,Self-Employed,669,412014,35,4,0,139046,90,3,North,62,0
975,52,Female,89071,Salaried,791,704597,50,6,0,78464,23,1,North,88,1
976,69,Female,45651,Self-Employed,436,725857,23,7,0,23213,186,4,West,152,1
977,32,Male,85202,Student,666,660538,83,6,0,3950,73,10,North,131,0
978,64,Male,63777,Student,483,253004,67,8,0,12411,14,10,West,109,0
979,39,Male,163066,Self-Employed,586,22118,41,4,0,130603,165,2,South,89,0
980,31,Female,82263,Salaried,771,27616,105,9,0,64744,145,8,West,67,0
981,43,Female,115158,Self-Employed,674,136870,89,2,0,37053,132,5,South,79,0
982,45,Male,25800,Salaried,836,274745,57,5,0,140117,103,0,South,178,1
983,40,Female,52823,Self-Employed,810,7795,24,4,0,59623,183,2,South,29,0
984,31,Female,78878,Student,549,102462,114,3,1,31714,36,11,North,74,0
985,41,Female,33708,Unemployed,809,443480,49,1,0,111283,116,3,West,32,0
986,19,Male,158891,Unemployed,372,370036,12,6,0,10562,28,8,East,87,0
987,62,Female,78870,Salaried,581,339977,49,4,0,57048,39,10,North,39,0
988,43,Female,24283,Salaried,659,527904,73,3,1,95295,87,5,South,137,0
989,31,Male,176645,Salaried,309,270228,39,7,0,14026,74,3,East,101,0
990,68,Male,93707,Student,510,474862,71,8,0,108147,172,0,North,142,1
991,24,Female,177005,Self-Employed,451,792163,74,8,0,33589,186,7,East,68,1
992,20,Female,20774,Student,304,137201,60,2,0,110199,113,10,South,148,0
993,64,Male,157055,Unemployed,494,164094,15,2,0,99274,176,1,East,28,0
994,40,Male,111468,Salaried,582,268749,101,4,0,28844,194,10,East,14,0
995,63,Female,111334,Self-Employed,763,82506,47,4,0,92415,103,10,South,172,0
996,60,Female,33133,Unemployed,412,769601,46,9,0,56708,37,7,East,77,1
997,64,Female,161011,Unemployed,570,49130,82,1,0,72825,60,5,North,116,0
998,62,Female,15781,Unemployed,462,168402,108,0,0,53574,168,7,East,167,0
999,35,Male,129586,Student,759,151259,74,7,0,87548,186,5,West,28,0
1000,55,Female,42624,Salaried,404,424007,15,2,0,66230,151,4,North,89,1
1001,52,Female,21823,Unemployed,581,357580,15,0,0,42581,175,4,East,32,0
1002,68,Male,33489,Salaried,461,206682,107,0,0,27105,16,9,West,137,0
1003,32,Female,186033,Student,650,379485,96,1,1,81830,15,9,West,156,0
1004,42,Male,44118,Unemployed,733,228034,65,5,0,71157,74,10,West,95,0
1005,54,Female,115417,Student,439,514394,56,5,1,89235,144,7,East,17,0
1006,45,Female,96816,Student,770,628982,26,2,0,4347,45,6,South,117,0
1007,27,Male,168335,Salaried,431,549061,13,3,1,49650,157,7,West,77,0
1008,56,Male,28565,Unemployed,386,795671,70,1,0,137995,110,11,South,55,1
1009,34,Female,166426,Student,482,288007,97,1,0,126926,7,7,North,10,0
1010,56,Female,189023,Unemployed,667,318559,118,6,0,83147,7,6,South,80,0
1011,39,Female,106179,Salaried,428,73968,108,0,0,50135,88,1,South,134,0
1012,43,Male,38648,Student,545,498891,83,6,0,21199,160,10,South,176,1
1013,61,Female,196801,Salaried,677,589718,90,0,0,142138,155,8,South,116,0
1014,42,Male,56971,Unemployed,448,255072,35,5,0,103583,180,6,South,169,0
1015,34,Male,33658,Unemployed,732,6515,90,2,0,94290,199,11,North,79,0
1016,30,Female,36253,Salaried,768,102206,54,7,0,122787,174,10,North,60,0
1017,37,Male,194635,Self-Employed,745,250282,14,5,0,116427,111,5,South,42,0
1018,42,Female,172462,Student,780,764990,22,1,0,89493,172,8,South,116,0
1019,21,Female,103664,Unemployed,593,412821,74,7,0,133706,138,0,West,109,1
1020,27,Female,197650,Unemployed,442,10586,63,4,0,14771,24,10,North,71,0
1021,20,Female,118850,Student,549,774565,62,7,0,127607,143,1,East,156,1
1022,58,Female,178730,Salaried,601,560474,67,7,1,81876,100,0,North,102,0
1023,62,Male,152924,Salaried,324,556216,100,5,0,61648,128,9,East,13,1
1024,35,Male,148623,Salaried,369,758624,57,1,0,77783,159,11,West,15,1
1025,64,Female,86947,Self-Employed,411,743447,66,7,0,46440,25,2,South,36,0
1026,53,Female,76001,Self-Employed,663,390134,45,5,0,33655,118,10,West,15,0
1027,64,Male,195231,Unemployed,602,354173,43,5,0,45039,17,4,South,117,0
1028,39,Male,137775,Salaried,770,549999,48,7,0,57255,90,0,North,75,0
1029,51,Male,197779,Student,390,584250,68,0,0,74219,39,3,South,56,1
1030,64,Male,48243,Unemployed,829,25039,24,1,0,13244,51,7,East,95,0
1031,25,Female,167872,Student,491,565849,105,8,0,96594,160,5,East,132,0
1032,57,Female,90939,Unemployed,541,211555,55,7,0,60595,153,0,West,52,0
1033,66,Male,72828,Self-Employed,437,496087,38,6,0,105898,150,11,North,138,1
1034,61,Female,153311,Unemployed,644,224730,18,6,0,30371,163,0,East,173,0
1035,36,Male,21710,Self-Employed,479,6577,83,4,1,7914,192,2,West,84,0
1036,59,Female,167456,Unemployed,802,112792,102,1,0,29180,129,9,North,29,0
1037,58,Male,167110,Salaried,502,777268,67,5,0,136760,114,7,North,53,1
1038,54,Female,186918,Student,491,243540,98,9,0,82219,41,10,West,157,0
1039,23,Male,52991,Salaried,304,233506,48,2,0,80616,25,10,East,151,1
1040,69,Male,153043,Unemployed,536,741777,54,3,0,142988,18,7,East,178,1
1041,43,Female,175211,Unemployed,610,15785,41,9,0,97213,95,2,West,21,0
1042,51,Male,100445,Unemployed,848,77227,113,1,0,39805,64,6,East,112,0
1043,62,Female,95257,Self-Employed,355,594719,15,1,0,146525,128,11,West,171,1
1044,23,Female,52711,Student,742,415513,100,7,0,128599,27,2,East,138,0
1045,54,Male,21530,Student,536,252941,11,7,0,76176,115,3,East,76,0
1046,50,Female,26116,Unemployed,496,724132,62,9,0,96799,128,8,West,30,1
1047,39,Female,80794,Unemployed,813,155653,6,5,0,100385,161,3,West,125,0
1048,38,Female,146354,Self-Employed,748,322336,76,4,0,90919,179,2,East,51,0
1049,23,Female,147970,Salaried,659,268606,63,7,0,140482,34,4,West,161,0
1050,23,Female,19135,Salaried,329,395992,96,3,0,83462,119,6,East,146,1
1051,65,Male,152701,Student,407,724533,26,3,0,33159,94,4,South,78,1
1052,21,Female,124472,Self-Employed,744,343250,97,4,0,44039,42,3,North,22,0
1053,47,Female,140147,Unemployed,737,315809,85,0,0,49800,87,7,North,64,0
1054,28,Female,104087,Student,756,704774,61,0,0,42761,31,3,East,21,0
1055,47,Female,48380,Self-Employed,794,348154,115,1,1,96626,108,1,North,129,0
1056,48,Female,144951,Salaried,546,601861,92,7,0,120368,120,9,East,107,0
1057,41,Male,32071,Self-Employed,842,229737,25,6,0,82903,19,5,West,116,0
1058,26,Female,35074,Salaried,738,648970,107,9,0,120998,191,1,South,124,1
1059,20,Male,82843,Self-Employed,577,542674,59,8,0,138885,7,2,North,143,0
1060,68,Male,54901,Student,410,391213,30,4,0,61894,14,0,North,36,0
1061,48,Male,26205,Salaried,684,59460,33,1,0,53444,124,4,West,47,0
1062,57,Male,139661,Student,490,404437,10,6,0,63748,149,8,South,32,0
1063,54,Female,20906,Student,789,421690,26,7,0,43190,132,1,South,174,0
1064,53,Male,148663,Salaried,725,120375,23,6,0,42318,15,11,South,54,0
1065,41,Male,140576,Salaried,704,157117,52,6,0,126078,180,6,West,161,0
1066,48,Female,77987,Unemployed,634,121582,75,4,0,41759,137,4,North,167,0
1067,23,Female,95685,Unemployed,508,503909,62,1,0,18498,73,1,North,23,0
1068,19,Female,125454,Unemployed,321,772303,98,5,0,27989,68,7,South,171,0
1069,37,Male,120487,Student,507,683066,24,3,0,119035,18,10,West,2,1
1070,45,Female,69400,Student,307,581623,102,9,0,68577,54,5,West,166,1
1071,28,Female,171222,Unemployed,828,758375,70,1,0,107231,158,3,West,157,0
1072,21,Male,46852,Student,465,57949,114,8,0,91900,76,3,South,110,0
1073,32,Female,188942,Student,795,468930,8,6,0,106679,73,1,West,124,0
1074,23,Female,67756,Salaried,728,100558,47,5,0,25482,139,2,South,67,0
1075,66,Female,130357,Salaried,462,413456,26,4,0,71212,131,6,South,71,0
1076,47,Female,134052,Student,665,794148,104,2,0,32048,20,2,South,164,1
1077,55,Male,71481,Unemployed,825,152646,110,9,0,136137,187,4,East,29,0
1078,68,Female,16283,Self-Employed,538,772175,45,9,0,135108,82,9,South,119,1
1079,19,Female,48691,Unemployed,371,471933,72,3,0,37814,105,5,West,165,0
1080,32,Male,147197,Self-Employed,744,509515,30,2,0,149996,60,5,East,113,0
1081,28,Female,41170,Unemployed,808,722186,114,7,0,131493,109,3,North,45,1
1082,25,Male,23438,Salaried,568,680573,107,2,0,62204,136,5,North,16,1
1083,43,Female,35095,Student,714,76916,114,6,0,34844,52,2,West,31,0
1084,68,Male,162226,Student,544,726511,60,6,1,83943,21,6,West,162,1
1085,62,Male,154076,Salaried,359,264590,89,6,0,23518,115,6,West,50,0
1086,61,Male,24752,Self-Employed,305,777378,57,6,0,25052,168,3,West,122,1
1087,22,Male,70426,Self-Employed,706,580194,49,1,0,71803,74,1,East,171,0
1088,23,Female,41819,Self-Employed,516,791895,114,9,0,73524,84,10,West,15,1
1089,43,Male,107051,Salaried,325,79694,103,2,0,91572,97,6,South,176,1
1090,21,Female,170289,Self-Employed,304,418867,90,9,0,141752,42,2,North,49,1
1091,36,Male,47994,Salaried,831,287152,61,8,0,69021,105,0,West,172,0
1092,37,Male,161108,Unemployed,689,75474,60,2,0,22043,66,1,South,10,0
1093,50,Male,112756,Unemployed,747,567473,117,1,0,4419,125,9,West,20,0
1094,37,Female,195488,Salaried,445,355068,92,8,0,123831,52,8,South,70,1
1095,66,Male,155659,Student,687,267048,75,9,0,103799,14,11,East,8,0
1096,29,Female,110665,Unemployed,548,785862,82,8,0,59600,40,7,North,173,1
1097,64,Female,146717,Self-Employed,825,731499,118,3,1,118467,161,5,North,34,1
1098,18,Female,177002,Salaried,761,551792,92,8,0,80497,8,5,East,179,1
1099,43,Female,96835,Self-Employed,312,59970,78,2,0,110611,48,0,South,4,0
1100,31,Female,137232,Self-Employed,683,283910,86,6,0,139559,60,1,West,108,0
1101,55,Female,176162,Student,698,646232,71,6,0,62692,46,3,South,167,0
1102,54,Female,198214,Self-Employed,318,409911,24,7,0,64112,118,2,North,24,0
1103,28,Female,172547,Student,790,416012,88,9,0,18360,145,0,East,55,0
1104,53,Female,164960,Unemployed,718,178615,12,3,0,85038,178,7,East,26,0
1105,30,Male,58732,Salaried,636,502666,68,2,1,5017,165,6,South,25,0
1106,60,Male,61305,Self-Employed,718,693499,47,2,0,88261,25,3,South,36,1
1107,20,Male,192109,Salaried,421,125494,47,4,0,68320,83,11,East,71,0
1108,50,Male,24346,Self-Employed,731,764229,64,0,1,33127,189,11,North,12,0
1109,23,Male,15587,Salaried,343,538090,25,9,0,136268,73,8,West,129,1
1110,67,Female,27763,Self-Employed,616,176277,78,2,0,77088,74,10,West,116,0
1111,27,Female,84615,Self-Employed,680,496966,22,5,0,33921,71,3,South,178,0
1112,22,Female,182188,Self-Employed,444,301303,32,2,1,6746,52,0,East,153,0
1113,40,Female,135987,Self-Employed,626,16516,52,4,0,70535,165,9,East,133,0
1114,27,Female,106353,Self-Employed,662,317636,7,8,0,67350,40,0,East,83,0
1115,61,Female,110648,Self-Employed,349,643046,68,1,0,83131,165,0,North,6,1
1116,19,Female,40556,Self-Employed,364,559768,67,1,0,24063,163,0,South,26,1
1117,30,Male,74042,Self-Employed,654,188163,105,5,0,119116,153,3,South,113,0
1118,57,Male,33099,Self-Employed,463,133023,24,5,0,90913,31,0,South,103,0
1119,19,Male,124089,Salaried,440,377339,22,7,1,80946,76,1,North,120,1
1120,37,Male,191168,Student,427,183838,74,1,0,136670,105,3,South,167,0
1121,18,Female,159302,Self-Employed,697,276409,44,8,0,12564,194,6,West,9,0
1122,54,Female,175081,Student,762,643453,87,1,0,51725,100,1,South,45,0
1123,26,Female,48866,Self-Employed,486,648789,76,0,0,88134,132,7,South,14,0
1124,34,Male,120400,Self-Employed,489,778617,86,9,0,107940,30,6,South,112,1
1125,26,Female,99246,Salaried,687,338134,44,1,1,64085,70,8,North,55,0
1126,28,Female,91975,Unemployed,728,499670,41,6,1,19862,144,5,West,137,0
1127,32,Female,187927,Unemployed,583,126635,45,7,0,12265,26,3,West,15,0
1128,41,Male,96557,Salaried,536,703614,50,4,1,142777,21,5,East,37,1
1129,55,Female,152488,Student,493,225935,9,5,0,64471,11,3,East,178,0
1130,52,Male,87516,Unemployed,586,516566,107,0,0,93080,111,6,West,127,1
1131,47,Male,164130,Salaried,435,58634,30,5,0,57828,72,8,South,117,0
1132,48,Male,186790,Salaried,470,708022,74,7,1,118884,132,2,South,84,1
1133,66,Male,47602,Unemployed,458,764144,35,2,0,110007,41,2,South,72,1
1134,22,Female,173588,Student,500,497503,81,0,1,48104,42,1,North,96,0
1135,61,Male,144295,Salaried,786,223599,73,3,0,42934,100,0,South,111,0
1136,67,Male,102969,Self-Employed,803,242919,93,0,0,116420,143,0,North,149,0
1137,31,Female,147161,Student,670,473668,34,7,0,8050,5,2,West,105,0
1138,28,Female,183418,Student,402,408359,78,4,0,10484,157,6,South,147,0
1139,26,Male,156559,Unemployed,424,489607,73,0,0,64648,46,10,South,58,1
1140,51,Female,15155,Unemployed,612,596731,56,7,0,61945,184,8,East,95,1
1141,29,Male,138950,Self-Employed,757,296568,29,8,0,33323,156,1,West,118,0
1142,52,Male,82494,Salaried,529,355988,19,9,0,88332,185,6,South,6,0
1143,52,Male,91229,Unemployed,496,46505,74,1,0,96605,188,0,North,4,0
1144,18,Male,119648,Unemployed,722,107478,23,8,1,12315,67,1,West,43,0
1145,57,Female,53547,Student,470,67699,47,7,0,49968,85,5,East,93,0
1146,39,Male,43795,Unemployed,681,423680,62,6,0,11107,12,10,West,42,0
1147,46,Female,36447,Unemployed,472,159721,88,2,0,57781,191,4,North,3,0
1148,25,Female,182670,Unemployed,752,141668,17,1,0,5869,177,7,East,129,0
1149,28,Female,187886,Unemployed,649,283518,87,6,0,82983,31,11,North,15,0
1150,58,Female,102960,Student,793,647974,22,4,0,9971,56,10,West,47,0
1151,54,Male,78278,Self-Employed,303,270919,35,5,0,98805,150,1,East,85,0
1152,31,Female,70077,Self-Employed,392,390944,93,3,0,27651,95,0,North,174,0
1153,47,Male,127782,Salaried,305,613269,80,1,0,58974,90,6,West,58,0
1154,52,Female,117932,Unemployed,587,320783,104,8,1,25446,20,5,North,39,0
1155,38,Female,155600,Student,445,119010,28,2,0,5823,70,7,South,131,0
1156,54,Male,196172,Salaried,723,560393,86,6,1,146526,9,10,West,158,0
1157,22,Male,124869,Salaried,756,528472,6,7,1,137004,86,7,East,35,0
1158,36,Male,154251,Self-Employed,501,411884,84,1,1,143292,135,1,East,157,0
1159,31,Female,63781,Student,511,264021,37,5,1,69965,122,7,South,178,0
1160,43,Female,170024,Student,305,152032,14,7,0,12510,85,5,North,52,0
1161,21,Male,68798,Student,675,655807,20,6,0,143609,74,8,North,118,1
1162,42,Male,113696,Self-Employed,746,147429,33,2,0,107935,119,11,East,14,0
1163,62,Male,65939,Self-Employed,405,462820,29,0,0,71134,11,6,North,163,0
1164,59,Male,44516,Self-Employed,700,318940,65,5,0,74254,54,1,West,156,0
1165,42,Female,156521,Self-Employed,395,282948,40,7,0,146854,146,7,West,30,0
1166,35,Male,65290,Self-Employed,687,657020,91,5,1,116780,170,8,East,90,1
1167,57,Male,141688,Unemployed,751,674986,32,4,1,127544,115,6,West,135,0
1168,25,Male,101661,Unemployed,715,164204,88,7,0,67587,51,3,East,167,0
1169,56,Male,87954,Student,803,799383,114,1,0,84238,116,8,North,95,1
1170,57,Female,37746,Salaried,753,286209,81,0,1,77720,165,3,North,69,0
1171,31,Male,82990,Student,590,110072,25,0,0,80004,47,11,North,163,0
1172,49,Female,73810,Salaried,833,669490,70,3,0,24072,95,3,South,127,0
1173,68,Male,133362,Self-Employed,492,94360,90,5,0,83015,33,8,East,52,0
1174,55,Male,161295,Salaried,449,67287,54,8,0,74746,132,7,West,142,0
1175,50,Female,148669,Student,814,243009,114,0,0,104260,189,3,North,63,0
1176,40,Male,17659,Student,692,712062,6,0,1,139129,137,7,South,36,1
1177,32,Female,101516,Salaried,615,697353,15,4,0,130259,100,7,West,91,0
1178,50,Female,89567,Unemployed,375,692235,52,9,0,32916,192,6,West,152,1
1179,42,Male,30037,Self-Employed,569,775644,64,4,0,29268,121,9,West,168,1
1180,34,Female,141498,Self-Employed,524,666414,101,4,0,25259,74,5,North,157,1
1181,50,Female,192810,Student,829,235881,67,9,1,81400,134,7,West,53,0
1182,64,Female,27109,Unemployed,412,112357,108,5,0,36293,74,6,East,109,0
1183,19,Female,37010,Salaried,550,446733,91,7,0,113581,114,4,South,150,1
1184,31,Female,23787,Self-Employed,532,212440,23,2,0,9043,175,11,West,72,0
1185,57,Female,154544,Unemployed,382,558958,117,8,0,109009,136,3,West,15,1
1186,57,Female,169455,Self-Employed,424,356300,51,0,0,40893,60,11,East,113,0
1187,68,Female,76709,Unemployed,474,164379,37,3,0,28309,191,1,West,69,0
1188,56,Male,49518,Unemployed,368,773447,32,8,0,25284,93,10,North,116,1
1189,68,Male,68909,Student,346,203159,97,7,0,128801,141,7,North,4,1
1190,23,Female,33351,Self-Employed,555,199152,23,9,0,115259,135,8,North,75,0
1191,23,Male,199402,Salaried,329,608623,44,8,1,102804,180,3,West,146,1
1192,20,Female,30282,Student,580,71985,54,0,1,71000,175,3,South,42,0
1193,24,Female,167850,Student,536,660032,98,8,0,86179,104,4,South,30,0
1194,68,Male,170336,Salaried,547,781001,87,2,0,67049,133,1,West,143,1
1195,25,Female,20075,Student,667,488178,49,9,0,31265,61,6,South,70,0
1196,59,Female,194526,Unemployed,794,176349,77,8,0,25880,185,4,South,16,0
1197,69,Female,43365,Unemployed,324,560839,59,0,0,86579,148,5,West,111,1
1198,32,Female,194272,Self-Employed,789,619101,100,0,0,133327,55,3,North,104,0
1199,64,Male,26002,Self-Employed,793,454813,39,8,0,134574,116,7,West,107,1
1200,46,Female,28947,Salaried,613,391486,76,5,0,67424,108,7,North,123,1
